,TITRE COMMENTAIRE,DATE EXPERIENCE,COMMENTAIRE,QUI A COMMENT√â,NOMBRE AVIS LAISS√â PAR CETTE PERSONNE,LOCALISATION DE LA PERSONNE QUI A COMMENT√â,PR√âSENCE D'UNE R√âPONSE (bool√©en),QUI A R√âPONDU,R√âPONSE AU COMMENTAIRE,NOMBRE D'√âTOILE
0,Commande re√ßue conforme √† mes attentes,04 avril 2023,"Commande re√ßue conforme √† mes attentes, une paire de chaussures trop grandes donc j'ai effectu√© le retour, √† ma grande surprise je suis all√©e retirer mon colis dans un mondial relais ensuite pour effectuer le retour ce mondial retour ne figure pas dans la liste donc j'ai du me d√©placer pour effectuer mon retour, pour quelle raison ne peut-on pas retourner un colis au m√™me lieu ? merci pour votre r√©ponse.",Gis√®le,5 avis,FR,True,Showroomprive.com,"Bonjour Gis√®le,

Je suis navr√© de lire que les sneakers de votre commande ne vous conviennent pas.

Je comprends votre situation et tiens √† vous aider.

Lors de l'enregistrement de la demande de retour de ces chaussures, on vous donne la main pour choisir le transporteur pour renvoyer le colis.

Sur cette commande, je constate que vous avez opt√© pour La Poste.

Rassurez-vous, je vais vous contacter rapidement en priv√© afin de vous envoyer une √©tiquette qui vous permettra de d√©poser le colis dans le relais que vous avez choisis pour la livraison.

Bonne journ√©e !

Tafitasoa.",3
1,2√®me fois en quelques mois que je‚Ä¶,08 avril 2023,"2√®me fois en quelques mois que je commande et que l'article re√ßu n'est pas le bon. On peut retourner pour remboursement mais les frais de port ne sont pas rembours√©s. Pour une robe √† 12‚Ç¨ et 4,50‚Ç¨ de fdp, c'est usant. Aucune possibilit√© d'√©change. Il faut recommander. Au risque d'avoir encore des erreurs !!",Sarah,1 avis,FR,True,Showroomprive.com,"Bonjour Sarah,

J'ai pris connaissance de votre commentaire dans lequel vous signalez la r√©ception d'une robe non conforme √† votre commande.

Permettez-moi avant tout de vous pr√©senter les excuses pour cette situation.

Je vous confirme que l'√©change n'est pas encore propos√© sur notre site.

En ce qui concerne le remboursement, si vous renvoyez l'int√©gralit√© de la commande, les frais de livraison sont bien rembours√©s.

√âtant donn√© qu'il s'agit d'une erreur de notre part, le renvoi est √©galement √† la charge de notre site.

Je vais vous contacter en priv√© pour vous apporter plus d'informations sur ce sujet.

Tafitasoa.",1
2,J'ai command√© un crop bustier avec des‚Ä¶,08 avril 2023,J'ai command√© un crop bustier avec des plumes pour un mariage. Sur la photo il paraissait correct niveau longueur mais lors de la r√©ception de ma commande j'ai √©t√© extr√™mement d√©√ßue car √ßa ressemble plus √† une brassi√®re. Jamais je ne pourrai porter √ßa au mariage de mon beau fr√®re.,Sarah,2 avis,FR,True,Showroomprive.com,"Bonjour Sarah,

Je suis navr√© de lire que la longueur des crops top de votre commande ne conviennent pas.

Je comprends votre d√©ception.

Rassurez-vous, je remonte votre cas aupr√®s de notre service qualit√© et je vous contacterai par rapport √† ce sujet.

Bonne journ√©e !

Tafitasoa.",1
3,Je suis fortement d√©√ßue..j‚Äôai envoy√©‚Ä¶,08 avril 2023,Je suis fortement d√©√ßue..j‚Äôai envoy√© d‚Äôailleurs un mail de r√©clamation sans r√©ponse de votre part ..pour vous faire savoir mon m√©contentement d‚Äôavoir chang√© de point relai ( √©loign√© de mon domicile) sans me demander quel point de relai serait mieux appropri√©,Francoise Kueffer,2 avis,FR,True,Showroomprive.com,"Bonjour Fran√ßoise,

Je suis sinc√®rement navr√©e d'apprendre que le colis de votre commande a √©t√© livr√© dans un autre point relais √©loign√© de votre domicile.

Je vous pr√©sente mes excuses pour cet incident.

Je suis conscient que cette situation soit g√™nante pour nos clients et vous assure que cet incident ne refl√®te en aucun cas ce que nous souhaitons vous d√©montrer.

Je vous informe avoir pris en charge votre cas et vous contacterai au plus vite afin d'√©changer avec vous sur ce sujet.

Bonne journ√©e !

Tafitasoa.",1
4,Commande non livr√©e et enqu√™te aupr√®s de colissimo,08 avril 2023,"Commande non livr√©e alors que colissimo indique qu‚Äôelle est livr√©e.
Je fais la r√©clamation aupr√®s de showroompriv√© et apr√®s enqu√™te aupr√®s du transporteur, on m‚Äôindique que le colis a bien √©t√© livr√© alors que c‚Äôest faux.
J‚Äôappelle aujourd‚Äôhui en faisant part de mon m√©contentement
Je demande le remboursement de ma commande non re√ßue
Ma r√©clamation va remonter √† un niveau sup√©rieur mais je ne m‚Äôattend pas √† un miracle et suis d√©√ßue de ce site sur lequel je ne commanderai plus",Martine Bisson,2 avis,FR,False,,,1
5,Assez d√©√ßu du service apr√®s vente,08 avril 2023,Assez d√©√ßu du service apr√®s vente. Le meuble achet√© est arriv√© abim√© et la seule chose propos√© par showroompriv√© fut de me rembourser et de reprendre le meuble. Or il n'y avait qu'une pi√®ce √† changer. J'ai donc garder mon meuble...,Vanessa Philippot Maya Drip,6 avis,FR,True,Showroomprive.com,"Bonjour Vanessa,

Je suis d√©sol√© d'apprendre que vous avez re√ßu un buffet avec une pi√®ce ab√Æm√©e.

Je comprends que la solution propos√©e ne vous convienne pas.

Je prends en charge de votre r√©clamation et vous assure que je vous contacterai en priv√© par rapport √† votre dossier.

Bonne journ√©e !

Tafitasoa.",3
6,Valises d√©j√† utilis√©es,09 avril 2023,J'ai achet√© un set de 3 valises d'une marque fran√ßaise. Sur les trois valises re√ßues j'ai deux valises avec des t√¢ches et des traces noires comme un feutre noir sur 5ou 6 cm . Valises sales et d√©j√† utilis√©es. Je suis d√©pit√©e.,yasmina linda,3 avis,FR,False,,,1
7,Superbe commande bijoux Ikita,07 avril 2023,"J'adore les bijoux de la marque Ikita, bijoux originaux, pour tous les styles, en acier inoxydable.
Le + sur Showroom c'est que les prix sont tr√®s attractifs donc l'occasion de se faire 2 fois plus plaisir üòä
Juste la commande un peu longue car command√© le 08/04/23 et re√ßu un mois apr√®s.",GLM,8 avis,FR,True,Showroomprive.com,"Bonjour Gwendoline,

Merci d'avoir partag√© votre exp√©rience avec nous, votre message illumine notre journ√©e !

Nous vous assurons que nous travaillons constamment pour am√©liorer de plus en plus notre service de livraison !

Ce sont vos commentaires qui nous permettent de le faire.

√Ä tr√®s bient√¥t sur Showroomprive.com.

Valisoa",4
8,Je n'ai Jamais √©t√© rembours√© pour un‚Ä¶,07 avril 2023,Je n'ai Jamais √©t√© rembours√© pour un tapis que je n ai jamais re√ßu et que j ai pay√© plus de 150‚Ç¨. Service client incomp√©tent qui n'a jamais su trouver une solution. Je ne recommande pas particuli√®rement ce site marchand.,Anisa,4 avis,FR,False,,,2
9,Super prix,08 avril 2023,"Super prix, super rapide ... par contre j'ai fait 2 commandes le m√™me jour sur le m√™me site et je n'ai re√ßu qu'un seul colis, alors que ce n'√©tait qu'√† qq heures d'√©cart mais bon je vais attendre le parfum de mon mari",Nathalie Gressier,2 avis,FR,True,Showroomprive.com,"Bonjour Nathalie,

Un grand merci pour votre avis !

Soyez assur√©e que nous mettons tout en ≈ìuvre pour vous donner satisfaction au plus t√¥t !

Le colis de la seconde commande est d√©j√† en cours d'acheminement et est pr√©vu le 13/04/2023 au plus tard.

Tr√®s heureux de vous compter parmi nos clients.

Bonne journ√©e de la part de toute l'√©quipe.

Tafitasoa.",5
10,J‚Äôai fait la commande une premi√®re en‚Ä¶,07 avril 2023,J‚Äôai fait la commande une premi√®re en b√©n√©ficiant d‚Äôun code promo. Cependant mon adresse n‚Äô√©tait pas bonne donc j‚Äôai √©t√© oblig√© d‚Äôannuler ma commande et de refaire celle ci sauf qu‚Äôil m‚Äôa √©t√© impossible de r√©utiliser le code promo donc je ne suis pas du tout satisfait,Fabrice,1 avis,FR,True,Showroomprive.com,"Bonjour Fabrice,

Je suis navr√© de lire que vous n'√™tes pas satisfait de ne pas avoir pu b√©n√©ficier d'un code promotionnel suite √† une erreur sur l'adresse de livraison de votre premi√®re commande.

Je comprends votre ressenti et regrette que vous ayez √† subir ce d√©sagr√©ment.

En effet, les codes et offres promotionnelles sur notre site sont √† usage unique.

Soucieux de votre satisfaction, je vais vous contacter en priv√© par rapport √† ce sujet.

Tafitasoa.",1
11,A fuir SAV incomp√©tent,08 avril 2023,"Suite √† un colis not√© livr√© par Colissimo mais malheureusement absent de ma bo√Æte aux lettres, j'ai proc√©d√© √† une r√©clamation aupr√®s de Colissimo qui m envoi un mail √† transmettre √† l exp√©diteur, confirmant la non r√©ception de mon colis.
Je contacte showroom priv√©e afin d obtenir un moyen de leur transmettre, ils refusent ils ne regardent que le suivi qui indique le colis livr√©.
Bien s√ªr je d√©sinstalle l'application showroom priv√©e, je n y ferai plus jamais aucune commande !",Delphine J,1 avis,FR,True,Showroomprive.com,"Bonjour Delphine,

Je suis sinc√®rement d√©sol√©e d'apprendre la non-r√©ception de votre commande marqu√©e comme √©tant livr√©e selon le transporteur.

Afin de vous aider au mieux et en discuter de vive voix, je vous invite √† me transmettre en priver votre num√©ro de commande s'il vous pla√Æt.

Noro",1
12,Achat d‚Äôune vente Daniel Wellington‚Ä¶,04 avril 2023,"Achat d‚Äôune vente Daniel Wellington effectu√© avec ¬´ livraison garantie le 31 mars ¬ª. Paiement d√©bit√© d√®s le lendemain de l‚Äôachat avant m√™me la confirmation de la commande par Showroom et donc l‚Äôexp√©dition du produit.
Le 1er avril commande toujours en cours de pr√©paration. Aucunes nouvelles, plusieurs r√©clamations sans retours et un appel de pass√©.
Le 4 avril, commande annul√©e sans motif. Aucun geste commercial.",BL,1 avis,FR,True,Showroomprive.com,"Bonjour Ludivine,

Je suis d√©sol√© d'apprendre que votre commande a √©t√© annul√©e.

Je vous prie d'accepter nos excuses pour cet incident.

Je remonte votre cas aupr√®s du service en charge.

Vous serez recontact√© aujourd'hui.

Si besoin, nous restons √† votre enti√®re disposition.

Tafitasoa.",1
13,Comme d'habitude,06 avril 2023,"Comme d'habitude, les produits de ma commande sont exactement ceux du site concern√© !
De bonne qualit√© et taille respect√©e !
Mais ce qui me chagrine c'est que je paye des taxes assez cons√©quentes √† la livraison mais √ßa ce n'est pas de votre faute !",Francoise,1 avis,RE,True,Showroomprive.com,"Bonjour Fran√ßoise,

Vous nous faites part de votre satisfaction concernant la qualit√© de nos articles.

Je vous remercie pour votre commentaire qui va faire plaisir √† l'ensemble de nos √©quipes.

Concernant les taxes, les commandes √† destination des DOM-TOM ont un tarif hors taxe, vos produits peuvent √™tre soumis √† des droits de douane et taxes suppl√©mentaires. La responsabilit√© de ces frais vous incombe lors de la livraison de votre colis.

Par ailleurs, nous restons tributaires face √† ces frais des douanes dans la mesure o√π c'est l'autorit√© comp√©tente du pays destinataire qui fixe ces taxes.

Noro",5
14,Exp√©rience mitig√©e,07 avril 2023,"Super affaire qualit√©/prix.
Mais d√©ception apr√®s avoir re√ßu l'accus√© de l'envoi, j'ai re√ßu un mail le lendemain pour me dire que l'une des paire des baskets ne serait pas dans mon colis mais rembours√©....",Mle. Amandine MICHEL,4 avis,FR,True,Showroomprive.com,"Bonjour Amandine,

Je vous pr√©sente mes excuses au nom de Showroompriv√© pour cette d√©convenue.

Je vous informe avoir pris en charge votre avis et vous confirme que vous serez recontact√©e aujourd'hui afin d'√©changer avec vous √† ce sujet.

Valisoa",3
15,Grand choix,06 avril 2023,"J'aime bien ce site pour les promos et le grand choix de produits et de marques.
Cependant, √† la derni√®re commande, il a manqu√© quelques articles. Ils me sont rembours√©s mais √† ce moment l√†, il ne faut pas dire que les stocks sont suffisants.",Adrien,2 avis,FR,True,Showroomprive.com,"Bonjour Adrien,

Je vous remercie de votre appr√©ciation.

Tout d'abord, sachez que votre satisfaction est notre priorit√©, je vous pr√©sente donc mes sinc√®res excuses quant √† l'annulation partielle de votre commande.


Il s'agit d'une rupture de stock aupr√®s de notre fournisseur.


En effet, les marques nous r√©servent un stock d√©fini, il arrive dans certains cas que des diff√©rences se fassent entre le stock initialement command√© et le stock re√ßu, c'est ce qui nous diff√©rencie des ventes traditionnelles.


Je vous confirme que notre service a pris le soin de proc√©der au remboursement de l‚Äôarticle manquant.

Rassurez-vous, une remont√©e de votre observation a bien √©t√© faite aupr√®s de nos services dans le cadre de l'am√©lioration de notre prestation.

Noro",4
16,Je viens de r√©server un voyage et la‚Ä¶,07 avril 2023,"Je viens de r√©server un voyage et la facilit√© est au rendez-vous maintenant √† voir les prestations annonc√©es sur place .
Mon regret concernant le site c‚Äôest l‚Äôabsence de code promo
Cordialement",LF,3 avis,FR,False,,,5
17,Un mois de d√©lai de livraison !,29 mars 2023,Un mois de d√©lai de livraison pour un costume... Je serai en vacances pendant la date pr√©vue de livraison et ne pourrait pas retirer le colis. La date de livraison n'√©tait pas affich√©e avant le paiement... Quel manque de bon sens dans la mani√®re de g√©rer les commandes.,Beno√Æt Moussier,12 avis,FR,True,Showroomprive.com,"Bonjour Beno√Æt,

Je suis sinc√®rement navr√© que vous ayez ce sentiment.

Je vous assure que la date de livraison est bien mentionn√©e sur la fiche du produit lors de la s√©lection de l'article.

Cette information est √©galement indiqu√©e lors de la s√©lection du mode de livraison et lors de la r√©capitulation de votre achat avant de finaliser la commande.

Nous allons vous contacter pour vous donner les modalit√©s √† suivre concernant la livraison de votre commande.

Cordialement.

Tafitasoa.",1
18,Ikita √† tout petit prix,08 avril 2023,Les articles re√ßus sont parfaits et √† un prix plus qu'int√©ressant ! Petit b√©mol cependant pour le d√©lai de livraison mais c'est habituel sur votre site...,Nathalie,6 avis,FR,True,Showroomprive.com,"Bonjour Nathalie,

Vous nous faites part de votre satisfaction concernant la conformit√© de votre commande ainsi que du d√©lai de livraison.

Je vous remercie pour votre commentaire qui va faire plaisir √† l'ensemble de nos √©quipes.

Nous vous assurons que nous travaillons constamment pour am√©liorer de plus en plus notre service de livraison et ce sont vos commentaires qui nous permettent de le faire.

√Ä tr√®s bient√¥t sur Showroomprive.com !

Valisoa",4
19,article command√© et pay√© il y a plus‚Ä¶,05 avril 2023,"article command√© et pay√© il y a plus d'un mois, showroomprive annule la commande maintenant. C'est facile de se faire de la tresorerie sur les clients....Ou vendre des articles qui ne sont pas livr√©s. L'article command√© n'est plus en production?",MALATERRE NICOLAS,6 avis,FR,True,Showroomprive.com,"Bonjour Nicolas,

Avant tout, je vous prie d'accepter mes excuses pour ce d√©sagr√©ment.

Il s'agit d'une rupture de stock aupr√®s de notre fournisseur.

Les marques nous r√©servent un stock d√©fini, il arrive dans certains cas que des diff√©rences se fassent entre le stock initialement command√© et le stock re√ßu.

Je vous informe avoir pris en compte votre r√©clamation et que nous allons vous contacter √† ce sujet.

Tafitasoa.",1
20,Ravie de ma commande,06 avril 2023,Je suis ravie de ma commande. Elle a √©t√© exp√©di√©e rapidement. Les articles sont bien emball√©s. Et le prix global ne repr√©sente que 30% de la valeur des marchandises. Avec en prime un bon de r√©duction.,S√©verine Serbat,7 avis,FR,True,Showroomprive.com,"Bonjour S√©verine,

Merci d'avoir partag√© votre exp√©rience avec nous, votre message illumine notre journ√©e !

√Ä tr√®s bient√¥t sur Showroomprive.com.

Noro",5
21,voila mtn 3H que je tente de contacter‚Ä¶,07 avril 2023,"voila mtn 3H que je tente de contacter le service client !!! c'est la 13 fois que je t√©l√©phone et personne ne r√©pond, la communication coup au bout de 10 minutes !!!

surtout ne commander pas sur ce site !!!!!

service client 0 !!!",Marie Kuczawski,1 avis,BE,True,Showroomprive.com,"Bonjour Marie,

Je suis sinc√®rement navr√© pour cette situation.

Effectivement, notre service √©tait indisponible dans la matin√©e suite √† un dysfonctionnement technique.

Afin de vous aider au mieux, je vous invite √† me transmettre en priv√© vos coordonn√©es.

Je reste dans l'attente de vous lire.

Tafitasoa.",1
22,Je vien de commander un colis mais je‚Ä¶,06 avril 2023,Je vien de commander une montre mais je sais pas du tou ou y se trouve le site sa me met aucune commande alors que j'ai valid√© l'achat avec ma banque je dois la recevoir le 15 j'esp√®re que je l'ai sinon un remboursement !!!,Rabiya Bener,1 avis,FR,True,Showroomprive.com,"Bonjour Rabiya,

Je suis navr√© que vous ayez autant de souci pour retrouver votre commande.

Pour que je puisse vous aider √† identifier la commande au plus, vite, je vous prie de me communiquer votre adresse e-mail ou vos coordonn√©es en priv√©.

Je reste dans l'attente de vous lire.

Tafitasoa",1
23,Livraison rapide.j‚Äôavais command√© 3‚Ä¶,06 avril 2023,"Livraison rapide.j‚Äôavais command√© 3 paires de baskets enfants. Sur les trois, j‚Äôai re√ßu une paire jaune alors que j‚Äôavais command√© du kaki !!!!! Heureusement les tailles √©taient correctes.",Mich√®le,1 avis,FR,True,Showroomprive.com,"Bonjour Mich√®le,

Je suis sinc√®rement d√©sol√© d'apprendre que vous ayez re√ßu une paire de chaussures non conforme.

Je vous pr√©sente nos excuses pour ce d√©sagr√©ment.

Je vous informe avoir pris en charge votre r√©clamation et vous confirme que vous serez recontact√©e aujourd'hui afin de donner suite √† votre requ√™te.

Par ailleurs, je vous informe avoir remont√© cette anomalie aupr√®s de nos services afin d'y rem√©dier prochainement.

Si besoin, nous restons √† votre disposition pour tout renseignement.

Noro",3
24,Article incomplet et plus petit que sur‚Ä¶,07 avril 2023,"Article incomplet et plus petit que sur le site, √ßa n'est pas tant pour le prix, encore que ! Shaker tupperware.... mais je ne me ferai plus avoir car ce n'est pas la premi√®re d√©ception.",C. SCOUARNEC,3 avis,FR,True,Showroomprive.com,"Bonjour Chantal,

Je suis sinc√®rement d√©sol√©e d'apprendre que vous ayez re√ßu votre commande non-conforme.

Je vous pr√©sente mes excuses pour ce d√©sagr√©ment.

Je vous informe avoir pris en charge votre r√©clamation et vous confirme que vous serez recontact√©e aujourd'hui afin de donner suite √† votre requ√™te.

Noro",1
25,Qualit√© et s√©rieux,09 avril 2023,"Livraison rapide mais dans un point relais diff√©rent de celui que j'avais choisi.
Le v√™tement me plait et me convient sur tous les plans.",Colette KAMIENIAK,4 avis,FR,True,Showroomprive.com,"Bonjour Colette,

Merci beaucoup d'avoir pris le temps de nous faire part de votre satisfaction quant √† la qualit√© du trench de votre commande.

Je regrette sinc√®rement que la livraison n'a pas pu se faire dans le point de retrait que vous avez choisi lors de la validation de l'achat.

Je remonte votre cas aupr√®s de notre service en relation direct avec le transporteur afin qu'elle soit pris en compte avec la plus grande attention.

En esp√©rant pouvoir compter sur votre fid√©lit√©, je vous souhaite une excellente journ√©e !

Tafitasoa.",5
26,Plus beau en photos qu'en r√©alit√© !,03 avril 2023,"J'ai command√© des bijoux de marque CHARLIZE (tr√®s beaux en photos sur le site mais beaucoup plus cheap une fois le colis d√©ball√©) soit disant dor√©s √† l'or fin, je les ai re√ßu dans une pochette en plastique, aucune preuve de la qualit√©...rien ne me prouve que ce ne sont pas des bijoux fantaisie et la marque CHARLIZE est bizarrement introuvable sur internet...C'est la derni√®re fois que je commande je pense, c'est d√©cevant.",Mimi,2 avis,FR,True,Showroomprive.com,"Bonjour Emilie,

Vous nous faites part de vos doutes quant √† l‚Äôauthenticit√© des produits sur notre site.

Nous sommes navr√©s que vous ayez ce sentiment.

Je vous informe avoir pris en charge votre avis et vous confirme que vous serez recontact√©e aujourd'hui afin d'√©changer avec vous sur ce sujet.

Cordialement,

Ghita",2
27,De plus en plus d√©√ßue par ce site,04 avril 2023,"De plus en plus d√©√ßue par ce site, l'offre infinity n'est plus du tout avantageuse, la commande doit dor√©navant atteindre 30 euros au lieu de 20 pour pouvoir b√©n√©ficier d'une livraison gratuite et ne s'applique que sur quelques rares offres (mode et jouets)
Je ne recommande plus su tout cette application! C'√©tait pourtant celle que je recommandais le plus a une epoque.",Charline L,2 avis,FR,True,Showroomprive.com,"Bonjour Charline,

Je suis sinc√®rement d√©sol√© d'apprendre que votre r√©cente exp√©rience sur notre site ne s'est pas pass√©e comme pr√©vu.

Souhaitant vous apporter mon aide, je vous prie de bien vouloir renouveler votre r√©clamation en nous faisant parvenir le num√©ro de l'une de vos commandes.

Nous restons √©videmment disponibles si besoin.

Bien √† vous,

Othmane",2
28,J‚Äôai command√© une petite paire de‚Ä¶,31 mars 2023,"J‚Äôai command√© une petite paire de baskets / chaussons b√©b√© Hugo Boss sur une vente Kids Around, malheureusement je n‚Äôai pas re√ßu la bonne paire.
Sachant qu‚Äôaucun √©change n‚Äôest possible sur une vente ponctuelle, on me propose juste un retour √† leur frais. Certes l‚Äôerreur est humaine mais je pense que j‚Äôaurais m√©rit√© un petit geste commercial sauf que celui-ci ne m‚Äôa pas √©t√© propos√©. Je crois que je vais tout simplement stopper mes achats chez Showroompriv√©",Val√©,2 avis,FR,True,Showroomprive.com,"Bonjour Val√©rie,

Je suis sinc√®rement navr√©e d'apprendre que votre commande ne vous ait pas apport√© enti√®re satisfaction.

Je vous pr√©sente mes excuses pour cette situation.

Je vous informe avoir pris en charge votre avis et vous confirme que vous serez recontact√©e aujourd'hui afin d'√©changer avec vous sur ce sujet.

Cordialement,

Ghita",1
29,Manquait un article dans ma commande je ne recommande pas heureusement l affaire a ete rapidement reglee je regrette bien d avoir pris infinity car je ne commandrai plus,04 avril 2023,Commande incomplete il manquait un article quand j ai ouvert mon colis donc jr ne recommande pas en plis j ai pris l abonnement infinity pour les frais de port a venir mais je ne commandrai plus donc pas avantageux,Edith,4 avis,FR,True,Showroomprive.com,"Bonjour Edith,

Tout d'abord, sachez que votre satisfaction est notre priorit√©, je vous pr√©sente donc mes sinc√®res excuses quant √† l'annulation partielle de votre commande.

Il s'agit d'une rupture de stock aupr√®s de notre fournisseur.

En effet, les marques nous r√©servent un stock d√©fini, il arrive dans certains cas que des diff√©rences se fassent entre le stock initialement command√© et le stock re√ßu, c'est ce qui nous diff√©rencie des ventes traditionnelles.

Je vous confirme que notre service a pris le soin de proc√©der au remboursement de l‚Äôarticle manquant.

Cordialement,

Ghita",2
30,Commande peu conforme aux photos sur la‚Ä¶,08 avril 2023,"Commande peu conforme aux photos sur la vente priv√©e, tr√®s d√©√ßue de cet achat
Cadres et images de tr√®s mauvaise qualit√©",S√©verine,1 avis,FR,True,Showroomprive.com,"Bonjour S√©verine,

J'ai pis connaissance de votre avis concernant la qualit√© des tableaux de votre commande.

Je regrette que vous ayez √† subir ces d√©sagr√©ments.

Nous apportons un soin tout particulier √† la satisfaction de nos membres et il est important que je remonte votre r√©clamation aupr√®s de notre service qualit√© afin qu'elle soit prise en compte avec la plus grande attention.

Je vais √©galement vous contacter en priv√© par rapport √† ce sujet.

Bonne journ√©e !

Tafitasoa.",1
31,Quatre articles oubli√©s - chantage au remboursement,02 avril 2023,"Quatre articles oubli√©s, deux articles non command√©s dans mon colis, et on me demande de me d√©placer pour renvoyer les deux articles non command√©s dans un mondial relay alors que j'ai pay√© une livraison √† domicile pour accepter de me rembourser le prix des articles non re√ßus...",Emilie,3 avis,FR,True,Showroomprive.com,"Bonjour Emilie,

Je suis sinc√®rement navr√©e d'apprendre que votre exp√©rience ne s'est pas pass√©e comme souhait√©e.

Je vous pr√©sente mes excuses pour cette situation.

Je vous informe que votre m√©contentement a bien √©t√© pris en charge et que vous serez recontact√©e √† ce sujet.

Cordialement,

Ghita",1
32,Prix raisonnable,02 avril 2023,"Achats de v√™tements avec showroomprive aucune h√©sitation pour certaines marques le retour est facile et les prix sont raisonnables j ai ""infinitif "" livraison offerte √† partir de 20 euros
Dommage parfois la livraison est longue mais de moins en moins souvent",Yolande,3 avis,FR,True,Showroomprive.com,"Bonjour Yolande,

Merci pour votre √©valuation, nous comprenons votre point de vue et nous vous assurons que nous travaillons constamment pour am√©liorer de plus en plus notre service!

Ce sont vos commentaires qui nous permettent de le faire.

√Ä bient√¥t!

Cordialement,

Reda",5
33,V√™tements conformes au descriptif,08 avril 2023,"Livraison dans les d√©lais annonc√©s, bien emball√©, v√™tements qui correspondent bien aux photos et aux descriptifs",dominique,13 avis,FR,True,Showroomprive.com,"Bonjour Dominique,

Merci Beaucoup d'avoir pris le temps de nous faire part de votre satisfaction.

Soyez assur√©e que nous mettons tout en ≈ìuvre pour vous donner satisfaction dans la pr√©paration et la livraison des commandes !

Votre commentaire tr√®s positif fait √©norm√©ment plaisir √† l'ensemble de nos √©quipes :)

√Ä tr√®s bient√¥t sur notre site,

Tafitasoa.",5
34,-Produits conformes √† mes attentes,07 avril 2023,"-Produits conformes √† mes attentes
-d√©lai de livraison respect√©
-suivi de livraison assur√©

Je recommande showroom priv√© √† tous",Carole,1 avis,FR,True,Showroomprive.com,"Bonjour Carole,

Un grand merci pour avoir pris le temps de nous faire part de votre exp√©rience.

Votre message illumine notre journ√©e !

Nous sommes heureux de vous compter parmi nos clients.

√Ä tr√®s bient√¥t sur notre site,

Tafitasoa.",5
35,Je suis fan des tissus du jacquard‚Ä¶,07 avril 2023,Je suis fan des tissus du jacquard fran√ßais. J‚Äôadore leurs nappes enduites tr√®s tr√®s faciles √† nettoyer.,C.C.,2 avis,FR,True,Showroomprive.com,"Bonjour Chantal,

Merci beaucoup d'avoir pris le temps de nous faire part de votre satisfaction.

Votre commentaire tr√®s positif fait √©norm√©ment plaisir √† l'ensemble de nos √©quipes :)

Nous sommes tr√®s heureux de vous compter parmi nos clients.

√Ä tr√®s bient√¥t sur notre site,

Tafitasoa.",5
36,Nous sommes bien inform√©s de‚Ä¶,04 avril 2023,"Nous sommes bien inform√©s de l'acheminement du colis, qui parvient bien emball√©.
Un petit b√©mol, pour les 6,9‚Ç¨ retenus pour le renvoi des articles qui ne conviennent pas.",claudine leclercq,3 avis,FR,True,Showroomprive.com,"Bonjour Claudine,

Merci infiniment pour votre appr√©ciation, nous sommes heureux de vous compter parmi nos clients.

Par ailleurs, je vous informe que, dans le cadre d'un retour 'Satisfait ou rembours√©', les frais de retour sont √† votre charge.

En effet, afin que Showroompriv√© puisse proposer les meilleurs tarifs √† l‚Äôensemble de ses membres, les frais de retour ne sont pris en charge que lorsque le colis livr√© ne correspond pas √† la commande initiale.

S‚Äôil en allait diff√©remment, le prix unitaire de chaque article s‚Äôen verrait modifi√©.

Nous vous assurons que nous travaillons constamment pour am√©liorer de plus en plus notre service.

Cordialement,

Ghita",4
37,les cardres sont de tr√®s mauvaises‚Ä¶,02 avril 2023,les cardres sont de tr√®s mauvaises qualit√©s au prix que j‚Äôai pay√© c‚Äôest une honte en plus la livraison √©tait tr√®s tr√®s longue et je n‚Äôai toujours pas re√ßu le deuxi√®me colis ! je ne recommanderais plus c‚Äôest fini .,PG,2 avis,FR,True,Showroomprive.com,"Bonjour Maryam,

Je suis sinc√®rement navr√©e d'apprendre que votre commande ne vous ait pas apport√© enti√®re satisfaction.

Je vous pr√©sente mes excuses pour cette situation.

Je vous informe avoir pris en charge votre avis et vous confirme que vous serez recontact√©e aujourd'hui afin d'√©changer avec vous sur ce sujet.

Cordialement,

Ghita",1
38,Satisfaite !!!,05 avril 2023,"Je suis ravie de ma commande. Je n'ai jamais √©t√© d√©cue par Showroom priv√©e. 2 commandes r√©cemment, diff√©rentes, mais tr√®s contente.",Marie-noelle,3 avis,FR,True,Showroomprive.com,"Bonjour Marie-No√´lle,

Un grand merci pour votre confiance et d'avoir pris le temps de nous faire part de votre t√©moignage.

Votre avis tr√®s positif fait √©norm√©ment de plaisir √† l'ensemble de nos √©quipes :)

√Ä tr√®s bient√¥t sur notre site Showroompriv√©.com.

Tafitasoa.",5
39,"Vraiment d√©√ßue,",03 avril 2023,"Vraiment d√©√ßue,
Le sac de boxe au bout de 2 jours n'√©tait plus utilisable!
Il ne tiens plus debout (nous avons rempli la base avec de l'eau) se couche et rend le sac de box inutilisable.",Carina Borges,2 avis,FR,True,Showroomprive.com,"Bonjour Carina,

Je suis sinc√®rement navr√© d'apprendre que votre commande ne vous ait pas apport√© enti√®re satisfaction.

Je vous pr√©sente mes excuses pour cette situation.

Je vous informe avoir pris en charge votre avis et vous confirme que vous serez recontact√©e aujourd'hui afin d'√©changer avec vous sur ce sujet.

Reda",1
40,satisfaite‚Ä¶mais,08 avril 2023,Tr√®s satisfaite. Seul b√©mol : ne pas pouvoir utiliser plusieurs bons d‚Äôachat sur une seule commande,Marie france gasset,3 avis,FR,True,Showroomprive.com,"Bonjour Marie-France,

Merci beaucoup d'avoir pris le temps de nous faire part de votre avis sur notre site.

En fait, l'utilisation des cartes cadeaux (bons d'achat) d√©pend uniquement de leurs conditions d'utilisation indiqu√©es par notre partenaire.

√Ä tr√®s bient√¥t sur Showroomprive.com !

Valisoa",4
41,Cette entreprise pourrait s'am√©liorer,02 avril 2023,"Cette entreprise pourrait s'am√©liorer, dans mon cas, si elle voulait bien m'envoyer simplement la newletter..... Je suis cliente, malgre tout, depuis tr√®s tr√®s longtemps !!! Pas tr√®s commercial tout √ßa....",F.B.,4 avis,FR,True,Showroomprive.com,"Bonjour Florent,

Je suis sinc√®rement navr√©e d'apprendre que vous ne recevez pas nos newsletters.

Apr√®s v√©rification, je constate que les newsletters sont bien activ√©es.

Je vous confirme avoir r√©activer ces derni√®res.

Cordialement,

Ghita",3
42,Colis endommag√©,04 avril 2023,"Colis endommag√©, la bo√Æte avec les baskets totalement √©ventr√©e irr√©cup√©rable pour ranger √† nouveau les baskets. Les baskets √©taient aplaties mais non endommag√©es.",V.,2 avis,FR,True,Showroomprive.com,"Bonjour Anne,

Je suis sinc√®rement navr√©e d'apprendre que votre colis est arriv√© endommag√© √† la livraison.

Je vous pr√©sente mes excuses pour cette situation.

Je vous informe avoir pris en charge votre avis et vous confirme que vous serez recontact√©e aujourd'hui afin d'√©changer avec vous sur ce sujet.

Cordialement,

Nawal",3
43,C est la 1ere fois que je re√ßois un‚Ä¶,03 avril 2023,C est la 1ere fois que je re√ßois un colis mal pr√©par√© avec des articles fragiles qui ont √©t√© d√©t√©rior√©s pendant le transport parce que mal cal√©s . C √©tait pour offrir ‚Ä¶ tant pis ‚Ä¶,Madame PERUGINI,9 avis,FR,True,Showroomprive.com,"Bonjour Martine,

Je suis sinc√®rement navr√© d'apprendre que votre commande ne vous ait pas apport√© enti√®re satisfaction.

Je vous pr√©sente mes excuses pour cette situation.

Je vous informe avoir pris en charge votre avis et vous confirme que vous serez recontact√©e aujourd'hui afin d'√©changer avec vous sur ce sujet.

Reda",3
44,Les tailles command√©es n ont pas √©t√© respect√©es,07 avril 2023,7 articles sur 8 avaient une taille sup√©rieure √† celle command√©e ! Une taille L alors que j ai command√© du 40,Mademoiselle Rose Dampierre,2 avis,FR,True,Showroomprive.com,"Bonjour Rose,

Vous signalez avoir re√ßu 7 articles en taille L alors que vous avez command√© en taille 40.

Je vous prie d'accepter mes excuses au nom de Showrrompriv√©.com pour cette erreur.

Je prends note de votre dossier et vous confirme que je remonte imm√©diatement cet incident aupr√®s de notre service logistique.

Nous allons vous contacter en priv√© afin de vous apporter plus de pr√©cisions sur le traitement de votre r√©clamation.

Bien √† vous,

Tafitasoa.",1
45,Bon site,07 avril 2023,Bon site mais je pense que les r√©ductions pourraient √™tre plus grandes. Sinon satisfaite de ma commande dans l'ensemble.,Brynie92,45 avis,FR,True,Showroomprive.com,"Bonjour Sylvie,

Toute l'√©quipe de Showroomprive.com tient √† vous remercier pour le retour positif que vous avez pris soin de partager.

A propos de votre suggestion concernant les r√©ductions, je vous confirme l'avoir remont√© aupr√®s de notre service marketing dans le cadre de l'am√©lioration de notre prestation.

Noro",4
46,Moyennement int√©ressant,07 avril 2023,"Dommage Frais de
Ports tr√®s √©lev√©s et pas possible de cumuler les coupons parrainage avec les offres",Amelie,4 avis,FR,True,Showroomprive.com,"Bonjour Amelie,

Vous nous signalez que les frais de livraison sont trop √©lev√©s et que les bons d'achat de parrainage ne sont pas cumulables.

En fait, ces frais de livraison sont directement demand√©s par nos transporteurs.

Par ailleurs, les bons d'achat de parrainage sont cumulables mais uniquement avec d'autres bons d'achat de parrainage.

En tout cas, j'ai pris bonne note de vos remarques et les remontes aupr√®s de notre service sup√©rieur pour am√©liorer de plus en plus notre service.

√Ä tr√®s bient√¥t sur Showroomprive.com !

Valisoa",3
47,Le canap√© est arriv√© tach√© sur un‚Ä¶,31 mars 2023,Le canap√© est arriv√© tach√© sur un montant et les livreurs n'avaient pas de mat√©riel pour monter les pieds du canap√©. J'ai du aller acheter une visseuse et r√©aliser le montage.,Laurence,1 avis,FR,True,Showroomprive.com,"Bonjour Laurence,

Je suis sinc√®rement navr√© d'apprendre que votre commande ne vous ait pas apport√© enti√®re satisfaction.

Je vous pr√©sente mes excuses pour cette situation.

Je vous informe avoir pris en charge votre avis et vous confirme que vous serez recontact√©e aujourd'hui afin d'√©changer avec vous sur ce sujet.

Reda",2
48,Je n‚Äôai pas re√ßu mon colis et moi et‚Ä¶,07 avril 2023,"Je n‚Äôai pas re√ßu mon colis et moi et mes proches nous faisons traiter comme des criminels. Lettres manuscrites attestants sur l‚Äôhonneur la non r√©ception, photocopie carte d‚Äôidentit√©‚Ä¶ Alors qu‚Äôen 8 jours aucune r√©ponse de leur c√¥t√©‚Ä¶ Le plus beau, c‚Äôest que j‚Äôai d√ª payer plus de 7‚Ç¨ de frais de livraison, √† ce prix l√†, on se demande pourquoi il n‚Äôy a pas d‚Äôaccus√© de r√©ception‚Ä¶

Le service clients m‚Äôa appel√© pour me dire quoi : que mon colis a √©t√© livr√©. S√©rieusement ? Si tous les jours depuis une semaine je r√©clame des r√©ponses, c‚Äôest justement parce que je ne l‚Äôai pas re√ßu. Mais quand je demande o√π, quand ‚Ä¶ pas de r√©ponse. Comment √©tait la maison, couleur de la bo√Æte aux lettres ? ‚Ä¶ Mes parents √©taient l√† toute la journ√©e soit disant de la livraison. Si le livreur √©tait venu et avait sonn√©, on l‚Äôaurait eu ‚Ä¶ Il ne me communique m√™me pas le nom d‚Äôun responsable client. Y en a t-il au moins chez Showroompriv√©, j‚Äôen doute. Le pire service Clients auquel j‚Äôai eu √† faire. Des robots qui r√©p√®tent tous la m√™me chose et qui n‚Äôapportent aucunes r√©ponses concr√®tes",Celine,2 avis,FR,True,Showroomprive.com,"Bonjour C√©line,

Je suis sinc√®rement navr√© d'apprendre que vous ayez √† subir ces d√©sagr√©ments par rapport √† une commande effectu√©e sur notre site.

Je vous pr√©sente mes excuses pour cette situation.

Je vous informe avoir pris en charge votre avis et vous confirme que vous serez contact√©e afin d'√©changer avec vous sur ce sujet.

Tafitasoa.",1
49,Cliente depuis de nombreuses ann√©es je‚Ä¶,08 avril 2023,Cliente depuis de nombreuses ann√©es je n'ai jamais eu de soucis... je recommande,Marie-Christine DECHA,2 avis,FR,True,Showroomprive.com,"Bonjour Marie-Christine,

Merci beaucoup d'avoir pris le temps de nous faire part de votre exp√©rience sur notre site.

Soyez assur√©e que nous mettons tout en ≈ìuvre pour vous donner satisfaction !

Votre commentaire fait √©norm√©ment plaisir √† l'ensemble de nos √©quipes et nous sommes heureux de vous compter parmi nos clients.

Bonne journ√©e :)

Tafitasoa.",5
50,D√©√ßue,06 avril 2023,Une partie de ma commande a √©t√© annul√©e au moment de l'exp√©dition. 3 produits sur 5 arriv√©s cass√©s.,Catherine,1 avis,FR,True,Showroomprive.com,"Bonjour Catherine,

Tout d'abord, sachez que votre satisfaction est notre priorit√©, je vous pr√©sente donc mes sinc√®res excuses quant √† l'annulation partielle de votre commande.


Il s'agit d'une rupture de stock aupr√®s de notre fournisseur.


En effet, les marques nous r√©servent un stock d√©fini, il arrive dans certains cas que des diff√©rences se fassent entre le stock initialement command√© et le stock re√ßu, c'est ce qui nous diff√©rencie des ventes traditionnelles.


Je vous confirme que notre service a pris le soin de proc√©der au remboursement de l‚Äôarticle manquant.

Je vous informe avoir pris en charge votre r√©clamation concernant vos articles re√ßus cass√©s et vous confirme que vous serez recontact√©e aujourd'hui afin d'√©changer avec vous sur ce sujet.

Noro",2
51,Erreur sur le produit,08 avril 2023,"Erreur sur le produit, j'ai re√ßu une couleur diff√©rente de celle command√©e.",Lo√Øc de CLOCK,1 avis,FR,True,Showroomprive.com,"Bonjour Lo√Øc,

J'ai pris connaissance de votre r√©clamation sur la couleur de la veste re√ßue dans votre commande.

Je vous prie d'accepter mes excuses au nom de Showroompriv√©.com.

Je suis conscient que cette erreur soit g√™nante pour nos clients et vous assure que cet incident ne refl√®te en aucun cas ce que nous souhaitons vous d√©montrer.

Je prends en charge de votre dossier et je vous contacterai au plus vite √† ce sujet.

Bonne journ√©e !

Tafitasoa.",1
52,Produit conforme √† la description sur‚Ä¶,08 avril 2023,"Produit conforme √† la description sur le site, exp√©dition rapide et soign√©e",Nadine PERDEREAU,3 avis,FR,True,Showroomprive.com,"Bonjour Nadine,

Merci d'avoir pris le temps de nous faire part de votre appr√©ciation !

Soyez assur√©e que nous mettons tout en ≈ìuvre pour vous donner satisfaction et le plus t√¥t possible :)

Votre avis tr√®s positif fait √©norm√©ment plaisir √† l'ensemble de nos √©quipes !

Bonne journ√©e.

Tafitasoa.",5
53,Livraison rapide,06 avril 2023,"Livraison rapide
Chaussures G√©ox de tr√®s belle qualit√© et √† un prix d√©fiant toute concurrence",isabelle poulain,4 avis,FR,True,Showroomprive.com,"Bonjour Isabelle,

Merci d'avoir partag√© votre exp√©rience avec nous, votre message illumine notre journ√©e !

√Ä tr√®s bient√¥t sur Showroomprive.com.

Noro",5
54,Je suis satisfaite du site‚Ä¶,08 avril 2023,Je suis satisfaite du site Showroomprive.com ainsi que de la livraison.,veronique,15 avis,FR,True,Showroomprive.com,"Bonjour V√©ronique,

Un grand merci pour votre appr√©ciation !

Nous sommes heureux de vous compter parmi nos clients :)

Bonne journ√©e de la part de toute l'√©quipe.

Tafitasoa.",5
55,Cde du 02/04/23,08 avril 2023,"Les chaussures correspondent √† mon attente
Emballage et d√©lais parfaits",Christine,1 avis,FR,True,Showroomprive.com,"Bonjour Christine,

Merci Beaucoup d'avoir pris le temps de nous faire part de votre satisfaction.

Nous sommes ravis que les baskets aient bien r√©pondu √† vos attentes.

Votre commentaire fait plaisir √† l'ensemble de nos √©quipes.

Bonne journ√©e :)

Tafitasoa.",5
56,C‚Äôest pour faire un cadeau pour‚Ä¶,07 avril 2023,C‚Äôest pour faire un cadeau pour l‚Äôanniversaire de ma s≈ìur et elle adore Cama√Øeu.,Dup√© Genevi√®ve,10 avis,FR,True,Showroomprive.com,"Bonjour Genevi√®ve,

Un grand merci pour votre appr√©ciation :)

Nous sommes ravis que vous soyez satisfaite de votre commande.

Tr√®s heureux de vous compter parmi nos clients.

Vous pouvez aussi recommander le site √† votre s≈ìur ;) La marque Cama√Øeu est tr√®s r√©guli√®re sur Showroompriv√©.com.

Bonne journ√©e de la part de toute l'√©quipe.

Tafitasoa.",5
57,Mauvaise Qualit√©,08 avril 2023,La qualit√© n'est pas terrible de plis d√©lai tr√®s lo g poir √™tre livr√©.,Assya,4 avis,FR,True,Showroomprive.com,"Bonjour Assya,

Je suis navr√© que les articles de votre commande ne vous apportent pas enti√®re satisfaction.

Je prends note √©galement de votre ressenti concernant le d√©lai de livraison.

Je vous remercie d'avoir pris le temps de nous faire part de votre avis par rapport √† ces sujets.

Je prends en charge votre dossier et je vous contacterai au plus vite sur ces points.

Tafitasoa.",1
58,Je n'ai re√ßu que la moiti√© de ma‚Ä¶,05 avril 2023,Je n'ai re√ßu que la moiti√© de ma commande et elle n'a pas √©t√© livr√©e dans le relai demand√© !,Laurent BERNARD,2 avis,FR,True,Showroomprive.com,"Bonjour Laurent,

Je suis navr√© d'apprendre que vous n'avez pas re√ßu l'int√©gralit√© de votre commande.

Je regrette aussi que le colis ait √©t√© d√©pos√© dans un autre point relais.

Veuillez accepter mes excuses pour cette situation.

Je prends note de votre dossier et vous assure que nous allons vous contacter rapidement afin de discuter de votre dossier.

Tafitasoa.",1
59,Je re√ßois un article pas conforme et‚Ä¶,29 mars 2023,"Je re√ßois un article pas conforme et j‚Äôenvoie la preuve, ils sont bien vu mais ils font rien derri√®re , je suis d√©√ßu future maman ;(",Imene,3 avis,FR,True,Showroomprive.com,"Bonjour Imene,

Je suis sinc√®rement d√©sol√© d'apprendre que vous ayez re√ßu votre article non-conforme.

Je vous pr√©sente nos excuses pour ce d√©sagr√©ment.

Nous vous assurons que nous travaillons constamment pour am√©liorer de plus en plus notre service.

Par ailleurs, je vous informe avoir pris en charge votre r√©clamation.

Rassurez-vous, je vous contacterai aujourd'hui afin d'√©changer avec vous √† ce sujet.

Bien √† vous,

Othmane",2
