Name_company,Note trust pilot,Nombre avis,Localisation company,Domaine d activite,nombre d'avis excellent
Immopret,"4,9",5 265,"Lille, France",Banque,82 %
Younited Credit,"4,8",60 845,"Paris, France",Agence de credit*Banque,81 %
CIB Formation,"4,8",498,"SAINT ETIENNE, France",Banque,79 %
Cofidis,"4,7",17 699,"Villeneuve d'Ascq Cedex, France",Banque,86 %
Pixpay,"4,7",3 065,,Banque,85 %
Anytime,"4,5",5 820,,Banque,73 %
Shine,"4,5",2 013,"Paris, France",Banque*Banque du secteur prive*Institution financiere,78 %
Orange Bank,"4,4",12 670,"Montreuil, France",Banque*Banque du secteur prive,62 %
Helios.do,"4,3",394,,Banque,70 %
Paykrom,"4,2",71,"Puteaux, France",Institution financiere*Banque,74 %
Boursorama Banque,"4,1",4 634,"Boulogne-Billancourt, France",Service de transfert d'argent*Banque*Institution financiere*Banque du secteur prive,68 %
Monabanq,"4,1",3 811,"Villeneuve-d'Ascq, France",Banque,62 %
ONLYONE,"4,4",23,"PARIS, France",Banque,83 %
Plusq1taux Landes Pays Basque,"4,4",12,"Anglet, France",Service de conseil en credit*Courtier d'assurances*Banque,100 %
la Nef,"4,3",67,"Vaulx en Velin, France",Banque*Banque d'epargne,75 %
MoneyNow,"4,3",8,,Banque*Site de comparaison de prix,100 %
Floabank,"4,2",6 089,,Etablissement de credit*Banque,48 %
Ma French Bank,"4,2",2 347,,Banque,62 %
Blank,"4,0",194,"Paris, France",Banque,66 %
Cosabnk,"4,0",9,,Banque,78 %
Courtiers Prives,"3,8",27,"LYON, France",Banque,74 %
floapay.com,"3,8",5,,Banque,80 %
Changer Ma Banque,"3,7",1,,Banque,100 %
Ovri Banking,"3,6",306,"PARIS, France",Service de paiement*Institution financiere*Fournisseur de solution e-commerce,73 %
Carrefour Banque & Assurance,"2,4",579,,Banque,25 %
LCL,"2,2",1 117,,Agence d'assurance*Banque,14 %
SolutionBancaire.fr,"2,1",98,"Dundee, Ecosse, France",Banque,16 %
ZELF,"2,1",58,"Riga, France",Banque*Agent Mobile Money*Service de transfert d'argent,21 %
Societe Generale & Vous,"1,9",1 429,,Agence d'assurance*Banque,12 %
FRANFINANCE,"1,8",49,"Nanterre, France",Banque,6 %
Ma Banque BNP Paribas,"1,7",1 495,,Banque d'epargne*Banque*Banque du secteur prive,7 %
Hello bank! France,"1,5",735,,Banque d'epargne*Banque,7 %
La Banque Postale,"1,3",2 961,,Banque,3 %
ING France,"1,3",291,"Paris, France",Banque du secteur prive*Banque,7 %
Labanquepostale Sam,"1,3",61,,Banque,26 %
TOP BANQUE,,,,Banque,0 %
Nature Minerale,"4,9",910,"CHARMES, France",Bijouterie*Boutique de sante et beaute*Bijouterie fantaisie,89 %
Illustres Bidules,"4,9",879,,Bijouterie fantaisie*Bijouterie,95 %
Verhoeven Joaillier,"4,9",575,"Dunkerque, France",Horlogerie*Bijouterie,95 %
i-diamants.com,"4,9",502,"Nice, France",Bijouterie,98 %
Eleonaure,"4,9",452,,Bijouterie,94 %
Les plumes d'Amazone,"4,9",325,,Bijouterie,99 %
OKAN STUDIO,"4,9",151,"Paris, France",Bijouterie,100 %
EMMALEE Jewelry,"4,9",130,"La Roche-sur-Foron, France",Bijouterie*Bijouterie fantaisie,93 %
Palais du Rosaire,"4,8",4 255,"Lourdes, France",Magasin de bougies*Bijouterie*Boutique de figurines*Boutique d'objets religieux,90 %
Chaination,"4,8",1 202,"villeneuve d ascq, France",Bijouterie,88 %
i-PERLEN DE,"4,8",657,"courbevoie, France",Bijouterie,90 %
Boutique de Lily,"4,8",467,"Fay aux Loges, France",Bijouterie,89 %
Petits Tresors,"4,7",5 883,"Lyon, France",Bijouterie,75 %
Zeina Alliances,"4,7",1 752,"Paris, France",Bijouterie,80 %
Bollywood Fashion Online,"4,7",1 649,"Roissy en Brie, France",Magasin de deguisements*Magasin d'articles de danse*Magasin de vetements pour enfants,76 %
Who We Are bijoux,"4,7",1 232,"Charenton Le Pont, France",Bijouterie,87 %
OH MY SHOP,"4,7",1 132,,Bijouterie,86 %
Diamonds Factory,"4,7",707,"Paris, France",Bijouterie,83 %
58 Facettes,"4,7",662,"Paris, France",Service de rachat de bijoux*Bijouterie*Expert en bijoux,87 %
La Maison de l'Alliance & du Diamant,"4,7",443,"Paris, France",Bijouterie,83 %
bijouxoccasions.com / CBBO,"4,7",382,"bordeaux, France",Bijouterie*Entreprise de negoce de l'or et de l'argent*Horlogerie,85 %
i-BEADS UK,"4,7",361,"courbevoie, France",Bijouterie,85 %
Belle Miss e-shop,"4,7",340,"paris, France",Bijouterie fantaisie*Expert en bijoux*Bijouterie,81 %
Bijoux-bijoux.fr,"4,7",293,"Antibes, France",Bijouterie*Boutique d'accessoires de mode*Bijouterie fantaisie,83 %
Ursul Paris,"4,6",471,"Paris, France",Bijouterie,85 %
Lesjoyauxdaure,"4,6",398,,Bijouterie,78 %
Les Bijoux de Marilou,"4,6",270,"PARIS, France",Bijouterie,80 %
Pomme Cannelle,"4,6",184,,Bijouterie fantaisie*Bijouterie,88 %
Les tresors du Bresil mineraux-pierres en France,"4,6",77,"manosque, France",Boutique d'articles Feng Shui*Fournisseur d'encens*Bijouterie*Fournisseur de pierres,84 %
fashionette,"4,5",2 421,"Dusseldorf, France",Magasin de chaussures*Magasin de sacs et de valises*Magasin de lunettes de soleil,81 %
KLJ Perles,"4,5",102,"Paris, France",Bijouterie*Bijouterie fantaisie*Boutique de loisirs creatifs*Boutique de perles,85 %
Jollia.fr,"4,4",13 498,,Bijouterie,74 %
Trendhim,"4,4",4 796,,Boutique d'accessoires de mode*Magasin de lunettes de soleil*Horlogerie,74 %
Nilai Paris,"4,4",563,"Paris, France",Bijouterie fantaisie*Fabricant de bijoux*Bijouterie,76 %
lily-jewelry.fr,"4,4",126,"Paris, France",Bijouterie,66 %
Zahros,"4,4",111,"Lagrave, France",Bijouterie,69 %
Peeweepaw,"4,9",1 244,"Montesson, France",Animalerie,94 %
Le meilleur pour mon lapin,"4,9",169,"Quint-fonsegrives, France",Animalerie,96 %
Anizoo,"4,8",661,,Animalerie,94 %
Animauxvillas,"4,8",602,"Waalwijk, France",Magasin d'articles pour animaux*Animalerie,90 %
Danse avec ton chien,"4,8",245,"Labastide d'Armagnac, France",Animalerie*Magasin d'articles pour animaux*Dresseur de chiens*Attraction touristique,94 %
"Fenril.fr, Chiens actifs & Outdoor","4,7",15 110,"MEAUDRE, France",Magasin d'accessoires de velo*Magasin de sports d'hiver*Animalerie,84 %
Oiseaux Mania,"4,7",6 275,"CHASSIEU, France",Jardinerie*Animalerie,81 %
Petdesign.fr - my grooming shop,"4,7",534,"Foulayronnes, France",Animalerie,86 %
Medailleschien,"4,7",524,"Montelimar, France",Animalerie,81 %
Shine'S,"4,7",50,"Champagne st Hilaire, France",Animalerie,98 %
Petmeds.fr,"4,6",8 489,"London, France",Animalerie,67 %
lebonaqua.fr,"4,6",73,"Chateaubourg, France",Animalerie*Aquarium*Magasin d'aquariophilie*Magasin d'articles pour animaux,85 %
Croquetteland,"4,3",15 865,"Lyon, France",Animalerie,71 %
Medpets,"4,3",5 609,"Oud Gastel, France",Animalerie,71 %
Equirodi.com,"4,3",970,"Dole, France",Animalerie,53 %
Alpha Spirit,"4,3",51,"Brillon, France",Animalerie*Magasin d'alimentation animale,72 %
Brekz.fr,"4,0",29 829,"Utrecht, France",Animalerie,69 %
Aquaplante,"4,0",1 659,"SARTROUVILLE, France",Magasin d'aquariophilie*Animalerie,61 %
LA COMPAGNIE DES ANIMAUX,"4,0",1 492,,Animalerie,64 %
Jaiplusdecroquettes.com,"3,6",1 743,"CHAMPAGNE AU MONT D'OR, France",Animalerie,78 %
Puppy Safe,"4,6",487,,Animalerie,83 %
Ouaf Ouaf,"4,6",50,"Linlithgow, France",Animalerie,84 %
Omlet France,"4,6",29,"Banbury, France",Animalerie,86 %
Wanimo,"4,5",33 465,"Dardilly, France",Animalerie,73 %
Fourmiculture,"4,4",38,"Leoncel, France",Animalerie,84 %
Halfie,"4,4",13,"Houilles, France",Animalerie*Magasin de vitamines et complements alimentaires*Magasin d'alimentation animale,100 %
La boutique bancale,"4,4",12,"vonnas, France",Animalerie,100 %
Canineo,"4,3",228,"Brech, France",Animalerie,76 %
Avetservices,"4,3",11,"BONNES, France",Animalerie*Garde d'animaux de compagnie,100 %
MEXU,"4,3",7,,Animalerie,100 %
Animilo,"4,2",16,"Ydes, France",Animalerie,75 %
Animou,"4,2",12,"Boutique en ligne, France",Animalerie,58 %
Zooplus,"4,1",16 725,,Animalerie,62 %
Dog-Sports.com,"4,1",2 770,"CHAUVIGNY, France",Magasin d'articles de loisirs*Animalerie,80 %
Toutoubox,"4,1",13,"Colombes, France",Magasin d'alimentation animale*Animalerie,46 %
Zcommezoo,"4,0",389,,Animalerie,63 %
Maison de MaMoulia,"4,9",1 831,,Magasin de vetements pour femmes*Magasin de vetements pour enfants,92 %
Clickandrock,"4,9",192,"Paris, France",Magasin de chaussures*Magasin de vetements,98 %
Paradigme,"4,9",116,"Paris, France",Magasin de vetements,97 %
Otrium,"4,8",4 034,,Centre de magasins d'usine*Magasin de vetements pour femmes*Maison de haute couture,85 %
Cote Bo M,"4,8",1 275,,Magasin de vetements,91 %
WeDressFair,"4,8",806,"Lyon, France",Boutique d'articles de mode*Magasin de vetements pour femmes*Magasin de vetements pour hommes,87 %
Boutique Route du Sud,"4,8",548,"Pau, France",Magasin de vetements,91 %
bottinsarl.com,"4,8",231,"Sainte-Croix-aux-Mines, France",Magasin de vetements*Magasin de vetements pour femmes,90 %
Cars and me,"4,8",149,"EYBENS, France",Magasin de vetements,85 %
Kamshoes,"4,8",121,"Neuilly-sur-Seine , France",Magasin de vetements*Magasin de chaussures*Magasin de produits de beaute,97 %
Kapitales,"4,8",88,"Albi, France",Magasin de vetements,95 %
WECYRCLED,"4,8",77,"Nice, France",Art & antiquites*Magasin de vetements,91 %
Mountaingirl,"4,6",49,"Val d'Isere, France",Boutique d'articles de mode*Magasin de vetements pour femmes*Magasin de vetements,94 %
CQFD Avignon,"4,6",46,"Avignon, France",Decorateur d'interieur*Magasin de vetements*Magasin d'ameublement et de decoration,90 %
Solinaboutique,"4,6",31,"Bordeaux, France",Magasin de vetements,94 %
Chaloope,"4,6",28,"Gif-sur-Yvette, France",Magasin de vetements,93 %
Wethenew,"4,5",16 829,,Magasin de vetements*Magasin de chaussures,80 %
Smoon lingerie,"4,5",1 912,"Paris, France",Magasin de sous-vetements*Boutique de lingerie*Boutique d'articles de toilette,75 %
Grungemama,"4,5",1 321,"Toulouse, France",Boutique d'accessoires de mode*Magasin de vetements*Magasin de vetements pour femmes,76 %
Le Petit Cordon,"4,5",500,,Magasin de vetements*Magasin de lunettes de soleil,82 %
Ambition Store | Streetwear,"4,5",470,"Paris, France",Magasin de streetwear*Magasin de vetements,78 %
Lamaktaba,"4,5",209,"CREIL, France",Boutique de robes*Magasin de vetements*Boutique d'accessoires de mode,77 %
Cotele Paris,"4,5",133,"Paris, France",Boutique d'articles de mode*Magasin de vetements,80 %
Hanasan,"4,5",109,,Magasin de vetements*Magasin de vetements pour femmes,88 %
Emiliano Dolly,"4,4",25,,Maison de haute couture*Magasin de streetwear*Magasin de vetements de sport (activewear),96 %
24S,"4,3",4 237,"PARIS, France",Marche en ligne*Magasin de vetements*Magasin de cosmetiques,78 %
Salty Crew Europe,"4,3",388,"Seignosse, France",Magasin de surf*Magasin de peche*Magasin de vetements,77 %
Maison Cadolle,"4,3",144,"Paris, France",Magasin de sous-vetements*Magasin de vetements,81 %
Mamie Bourgeoise,"4,3",127,,Magasin de vetements*Marche en ligne*Magasin de vetements pour femmes,69 %
Fskorp,"4,3",30,"Tassin la demi lune, France",Magasin de vetements*Boutique d'accessoires de mode,93 %
Bishibi.com,"4,2",89,"Aubervilliers, France",Magasin de vetements*Boutique de robes*Magasin de maillots de bain,64 %
Monchanvre.fr : la marketplace du chanvre francais,"4,2",32,,Boutique de sante et beaute*Magasin d'alimentation naturelle*Magasin de vetements,78 %
Oneill.com/fr,"4,1",1 668,"Warmond, France",Magasin de vetements de sport (activewear)*Magasin de vetements,70 %
FROM FUTURE,"4,1",959,"Boulogne-Billancourt, France",Magasin de vetements,64 %
EDS Store,"4,1",36,"VERTOU, France",Magasin de vetements,75 %
Ccvmode,"4,0",3 577,"Capavenir Vosges, France",Magasin de vetements pour femmes*Magasin de vetements*Magasin de vetements pour hommes,66 %
Renault Dacia BodemerAuto Saint-Brieuc,"4,8",782,"SAINT BRIEUC, France",Concessionnaire automobile,76 %
Renault Dacia BodemerAuto Concarneau,"4,8",552,"CONCARNEAU, France",Concessionnaire automobile,79 %
AutoLisa,"4,8",237,"Valenton, France",Vendeur de voitures d'occasion*Concessionnaire automobile,88 %
Renault Dacia BodemerAuto Vannes,"4,7",789,"VANNES, France",Concessionnaire automobile,76 %
SAS M-AutoPerf.com,"4,7",38,"Saint-Renan, France",Concessionnaire automobile,95 %
CarNext.com France,"4,6",1 670,"Maurepas, France",Concessionnaire automobile*Vendeur de voitures d'occasion,75 %
AutoJM,"4,6",1 377,"audincourt, France",Vendeur de voitures d'occasion*Concessionnaire de vehicules a moteur*,69 %
Cazoo France,"4,6",254,"Paris, France",Concessionnaire automobile,84 %
Beev,"4,6",77,,Agence de location de voitures*Concessionnaire automobile*Borne de recharge pour vehicules electriques,89 %
Autohero France,"4,5",2 588,"Issy-les-Moulineaux, France",Vendeur de voitures d'occasion*Concessionnaire de vehicules a moteur*,75 %
Aramisauto,"4,3",3 324,"ARCUEIL, France",Vendeur de voitures d'occasion*Concessionnaire automobile,60 %
Qarson,"3,9",210,"Isles-les-Villenoy, France",Vendeur de voitures d'occasion*Concessionnaire automobile,48 %
Nissan BodemerAuto Saint-Brieuc,"4,8",96,"SAINT-BRIEUC, France",Concessionnaire automobile,88 %
Carrivy.com,"4,8",66,"nice, France",Concessionnaire automobile,95 %
Stiilt,"4,8",55,"Nice, France",Agence de location de voitures*Service de leasing automobile*Concessionnaire Audi,100 %
Degrifcars,"4,7",1 323,"Mordelles, France",Marche automobile*Concessionnaire automobile*Vendeur de voitures d'occasion,75 %
Renault Dacia BodemerAuto Cherbourg,"4,7",574,"TOURLAVILLE, France",Concessionnaire automobile,72 %
Renault Dacia BodemerAuto Saint-Lo,"4,7",520,"SAINT LO, France",Concessionnaire automobile,75 %
Renault Dacia BodemerAuto Chateaulin,"4,7",338,"CHATEAULIN, France",Concessionnaire automobile,76 %
Renault Dacia BodemerAuto Auray,"4,6",530,"AURAY CEDEX, France",Concessionnaire automobile*Magasin de pieces detachees automobiles*,73 %
Renault Dacia BodemerAuto Coutances,"4,6",381,"COUTANCES, France",Concessionnaire automobile,79 %
Renault Dacia BodemerAuto Paimpol,"4,6",271,"PAIMPOL, France",Magasin de pieces detachees automobiles*Magasin d'accessoires automobiles,79 %
Car & Cash,"4,6",226,,Concessionnaire automobile,63 %
ClickEtRoule.com,"4,6",68,"AILLY SUR NOYE, France",Concessionnaire automobile,78 %
Renault Dacia BodemerAuto Pontivy,"4,5",297,"PONTIVY, France",Concessionnaire automobile,73 %
Renault Dacia BodemerAuto Vire,"4,5",263,"VIRE, France",Concessionnaire automobile,71 %
Nissan BodemerAuto Lorient,"4,5",20,"Caudan , France",Concessionnaire automobile,75 %
Mazdan Automobiles,"4,5",13,"Vidauban, France",Vendeur de voitures d'occasion*Concessionnaire automobile,100 %
RENAULT VALOGNES,"4,4",10,"VALOGNES, France",Concessionnaire automobile,70 %
Renault Dacia BodemerAuto Ploermel,"4,3",368,"PLOERMEL CEDEX, France",Magasin d'accessoires automobiles*Prestataire de transport automobile prive,76 %
auto-ici,"4,1",6,"vendeville, France",Concessionnaire automobile,66 %
CA Motorworks,"4,1",5,"Richardmenil, France",Magasin de pieces et d'accessoires pour motos*Garage automobile*Concessionnaire automobile,100 %
Demarches Carte Grise,"4,0",2 280,"Boulogne Billancourt, France",Concessionnaire automobile,66 %
Autosphere,"3,9",227,"Chasseneuil Du Poitou, France",Concessionnaire automobile,56 %
Jean Lain Mobilites,"3,9",53,"La Motte Servolex, France",Concessionnaire automobile,62 %
CARIZY,"3,7",1 198,"Paris, France",Concessionnaire automobile,57 %
,,,,,
,,,,,
,,,,,
,,,,,
,,,,,
,,,,,
,,,,,
,,,,,
,,,,,
,,,,,
,,,,,
,,,,,
,,,,,
,,,,,
,,,,,
,,,,,
,,,,,
,,,,,
,,,,,
,,,,,
,,,,,
,,,,,
,,,,,
,,,,,
,,,,,
,,,,,
,,,,,
,,,,,
,,,,,
,,,,,
,,,,,
,,,,,
,,,,,
,,,,,
,,,,,
,,,,,
Hosman,"4,9",3 537,"PARIS, France",Agence immobiliere*Agents immobiliers,92 %
Liberkeys,"4,9",2 954,"Paris, France",Agence immobiliere*Agents immobiliers,94 %
Homki,"4,9",1 836,"Marseille, France",Agents immobiliers*Agence immobiliere,92 %
imkiz,"4,9",352,,Agence immobiliere*Agents immobiliers,94 %
MeilleursBiens.com,"4,8",536,"Courbevoie, France",Agence immobiliere*Societe immobiliere*Agents immobiliers,90 %
Imop,"4,8",484,"Paris, France",Agence immobiliere*Agents immobiliers,89 %
Folhomee,"4,8",112,,Agents immobiliers,93 %
Recherche Appartement ou Maison,"4,8",73,"Lyon, France",Agence immobiliere*Gestion des biens*Investissements immobiliers*Agents immobiliers,92 %
Sextant France & International,"4,7",1 087,"Neuilly sur Seine, France",Consultant immobilier*Agence immobiliere*Agents immobiliers,85 %
Book A Flat,"4,6",1 691,"Paris, France",Agents immobiliers,75 %
Skaal Real Estate Agencies,"4,9",77,"Lyon, France",Evaluateur immobilier*Agents immobiliers*Agence immobiliere,97 %
OPRIXFIXE,"4,8",81,"Paris, France",Agents immobiliers*Agence immobiliere*Societe immobiliere,93 %
Aramon immobilier,"4,6",19,"Aramon, France",Agents immobiliers,100 %
izihome,"4,5",22,"Marseille, France",Agents immobiliers,95 %
Revenupatrimoine,"4,5",16,"Montpellier, France",Agents immobiliers,100 %
ID-Pro | Vidauban Immobilier,"4,5",15,"Vidauban, France",Agence de location immobiliere*Agents immobiliers,100 %
September,"4,5",15,"paris, France",Agents immobiliers,100 %
Shaka,"4,5",14,"Biarritz, France",Solutions et equipement energetiques*Investissements immobiliers*Expert immobilier,100 %
Libimmo,"4,5",13,"Longueil Annel, France",Agents immobiliers,100 %
Les Nouvelles Agences,"4,4",41,,Agents immobiliers*Agence immobiliere,91 %
Trackstone,"4,4",18,"Paris, France",Agents immobiliers*Investissements immobiliers,89 %
Marton,"4,3",99,"Paris, France",Agents immobiliers,72 %
Dwellingimmobilier,"4,3",9,"LA ROCHELLE, France",Agents immobiliers,100 %
Lisy,"4,3",8,"Paris, France",Agence immobiliere d'entreprise*Expert immobilier*Agents immobiliers,100 %
le bon diag 06,"4,0",3,"Antibes, France",Constructeur immobilier*Service de detection d'amiante*Societe de travaux publics,100 %
Application etats des lieux,"3,9",56,,Agents immobiliers,66 %
Lodgis,"3,8",601,"Paris, France",Agence immobiliere*Agents immobiliers,81 %
L'Espace Immobilier - Arthurimmo.com Expert Agree,"3,8",10,"Haguenau, France",Expert immobilier*Evaluateur immobilier*Agence immobiliere*Agence de location immobiliere,60 %
ma-propriete.fr,"3,8",4,"MOREAC, France",Plateforme de collaboration en ligne*Agents immobiliers*Editeur de journaux - Petites annonces,50 %
A1 Real Estate | Vente & Location,"3,8",2,"Paris, France, France",Agents immobiliers,100 %
Inxolitimmo,"3,8",2,,Conseil*Agents immobiliers*Agence immobiliere,100 %
Olivier Estrade megAgence,"3,8",2,"Jouars-Pontchartrain, France",Administration immobiliere*Agents immobiliers*Agence immobiliere,100 %
Etiq Commericalisation,"3,8",2,"Marseille, France",Promoteur immobilier*Agents immobiliers,100 %
Agence immobiliere - Art de Vie,"3,8",2,"Margency, France",Agence immobiliere*Agents immobiliers,100 %
Agence immobiliere Ardeche Pro Immobilier,"3,7",7,"Aubenas, France",Agents immobiliers*Societe de gestion immobiliere*Agence immobiliere,71 %
KOESIA,"3,7",1,"Montpellier, France",Agents immobiliers*Agence immobiliere,100 %
ACCES-DESIGN.COM,"4,9",1 707,,Magasin de meubles de salon*Magasin de materiel de cuisine*Magasin de meubles de chambre a coucher,81 %
Chezpluie,"4,9",316,,Magasin de meubles,98 %
Roche Bobois,"4,8",1 021,"PARIS, France",Magasin de meubles,83 %
Moodntone,"4,8",587,"Merlimont, France",Magasin de design et de decor interieur*Magasin de meubles*Magasin de mobilier en rotin,89 %
FRANCE CANAPE(r),"4,7",1 844,"Paris, Versailles et Lyon, France",Magasin de canapes*Magasin de meubles*Magasin de meubles de chambre a coucher,84 %
Carre-maison.com,"4,7",199,"Chambery, France",Magasin de meubles,80 %
Seat-in,"4,7",150,"Orvault, France",Magasin de meubles*Decorateur d'interieur,88 %
Stefano Design,"4,6",475,,Artisan createur de meubles*Magasin d'ameublement et de decoration*Fabricant de meubles,74 %
Kukuu,"4,6",37,,Magasin d'ameublement et de decoration*Magasin de meubles*Vendeur de meubles en gros,87 %
Hypnia,"4,5",8 705,"Toulouse, France",Magasin de matelas*Magasin de meubles*Magasin de literie,76 %
The Cool Republic,"4,5",5 642,"Paris, France",Magasin de design et de decor interieur*Magasin de meubles*Decorateur d'interieur,80 %
Alterego Design France,"4,5",3 842,"Coignieres, France",Magasin de meubles,68 %
Mobilier de France,"4,3",1 144,"Creteil, France",Magasin de canapes*Magasin de meubles*Magasin de meubles de salon,68 %
Monde Du Tabouret,"4,2",7 548,,Magasin de design et de decor interieur*Magasin de meubles de cuisine*,69 %
Made-in-meubles,"4,2",3 238,"PONT-A-MARCQ, France",Magasin de meubles,63 %
ReCollection,"4,2",772,"Saint Mars du desert, France",Magasin de lits*Magasin de meubles*Magasin de design et de decor interieur,64 %
Espry Medical,"4,2",559,"FONTENAY TRESIGNY, France",Magasin de materiel medical*Magasin de meubles,61 %
Miliboo,"4,1",25 610,,Magasin de meubles,60 %
Chateau d'Ax France,"4,1",1 382,,Magasin de meubles de salon*Magasin de meubles*Magasin de canapes,63 %
RueDeLaDeco.com,"3,9",562,,Decorateur d'interieur*Magasin d'ameublement et de decoration*Magasin pour enfants,76 %
premiumXL France,"3,9",412,"Osnabruck, France",Magasin de meubles,61 %
Cemonjardin,"3,8",1 621,,Magasin de meubles*Jardinerie,46 %
Stooly,"3,8",108,,Magasin de meubles*Boutique de cadeaux,57 %
Usinestreet,"3,7",2 690,,Magasin d'ameublement et de decoration*Magasin de meubles,45 %
Mondesign,"4,7",112,"Coubevoie, France",Decorateur d'interieur*Magasin de luminaires*Magasin de meubles,85 %
Hamaxicain,"4,7",49,"Saint Hilaire d'Ozilhan, France",Magasin de meubles,94 %
Maisonetstyles,"4,6",2 834,,Magasin de meubles,74 %
Daner,"4,6",35,"Marguerittes, France",Magasin de meubles*Magasin de literie*Conseiller sante*Ergotherapeute,83 %
Le Reve Chez Vous,"4,5",1 974,"Cholet, France",Magasin de meubles*Jardinerie,48 %
Dexhom,"4,5",212,,Magasin de meubles,93 %
KaYu Meuble,"4,5",48,"La Gaude, France",Magasin de meubles,65 %
Maison La Carriere,"4,5",16,"Region Grand Est, France",Magasin de meubles*Artisan createur de meubles*Fabricant de meubles*Magasin de meubles de salon,100 %
Made.com,"4,4",49 355,"London, France",Magasin de meubles,61 %
Matelpro.com,"4,4",844,"Givet, France",Magasin de literie*Magasin d'equipement et de meubles pour bars et restaurants,62 %
Zeeloft,"4,4",422,"Paris, France",Magasin de meubles,86 %
Chaisier.fr,"4,4",28,"Andrezieux-Boutheon, France",Magasin de meubles,78 %
Chin Mudra,"4,7",15 595,"Vaux le Penil, France",Magasin de vetements de sport (activewear)*Service de fitness et nutrition,82 %
Anastore.com,"4,7",12 257,"Boulogne-Billancourt, France",Service de fitness et nutrition,76 %
Novoma,"4,7",3 570,"Toulouse, France",Service de fitness et nutrition*Magasin de vitamines et complements alimentaires,82 %
Cheef,"4,7",1 889,"Roncq, France",Service de fitness et nutrition*Programme de bien-etre*Livraison de repas a domicile,73 %
Kevlaardiet,"4,6",264,"Orgeval, France",Nutritionniste*Service de fitness et nutrition*Classe de fitness,80 %
Fr Solbia,"4,5",3 217,,Service de fitness et nutrition,79 %
AW TRAINER,"4,5",74,"Villefranche-sur-Saone, France",Magasin de vetements de sport*Service de fitness et nutrition*Magasins d'appareils de fitness,90 %
Nutrimuscle,"4,4",21 239,,Fabricant de produits alimentaires*Service de fitness et nutrition,80 %
fizzup.com,"4,4",393,"Colmar, France",Service de fitness et nutrition,66 %
Boutique HL en Ligne,"4,4",94,,Boutique de produits de nutrition sportive*Service de fitness et nutrition,77 %
WeightWorld.fr,"4,2",3 917,"Saint Martin Bellevue, France",Centre de bien-etre*Service de fitness et nutrition*Clinique dermatologique,59 %
Sync,"4,2",502,"Challes-les-Eaux, France",Service de fitness et nutrition,75 %
Best Of Fit Pack,"4,8",364,"Nimes, France",Service de fitness et nutrition,90 %
"JUST COACHING, leader du coaching sportif","4,8",313,"Paris, France",Programme d'entrainement physique*Programme de bien-etre*Centre de coaching,94 %
Dihe,"4,8",231,"MONTFERRIER SUR LEZ, France",Service de fitness et nutrition,89 %
Nutridiscount,"4,8",194,,Service de fitness et nutrition,68 %
MondialK.com,"4,8",147,,Service de fitness et nutrition,95 %
Reveille ton potentiel par Morgan Charriere,"4,8",115,"Mantes-la-jolie, France",Service de fitness et nutrition,86 %
maju-nutrition,"4,8",87,,Service de fitness et nutrition*Programme de bien-etre*Nutritionniste,96 %
Sautiller.com,"4,8",56,"Vallon Pont d'Arc, France",Magasin de jouets*Service de fitness et nutrition,87 %
tatwa.eu,"4,8",44,"Lausanne, France",Service de fitness et nutrition*Boutique de sante et beaute,95 %
Optigura,"4,7",6 981,"Monaco, France",Service de fitness et nutrition,84 %
Fratemateclub,"4,7",447,,Service de fitness et nutrition,82 %
Meditechfr,"4,7",250,"paris, France",Service de fitness et nutrition*Laboratoire pharmaceutique*Magasin de vitamines et complements alimentaires,94 %
HL Boutique,"4,6",174,,Service de fitness et nutrition*Centre d'amincissement*Magasin de vitamines et complements alimentaires,83 %
Gymkee,"4,6",57,"Paris, France",Entraineur personnel pour femmes*Service de fitness et nutrition*Coach particulier,86 %
Bemum,"4,6",31,"Rueil-Malmaison, France",Service de fitness et nutrition*Boutique de sante et beaute,84 %
PROTEINE.FR,"4,6",21,"grenoble, France",Service de fitness et nutrition,100 %
Finishers,"4,6",19,,Service e-commerce*Service de fitness et nutrition,100 %
Sportfood Center,"4,5",703,"Monaco, France",Service de fitness et nutrition,73 %
Matahi,"4,5",77,"Montpellier, France",Service de fitness et nutrition,74 %
Moringa&Co,"4,5",36,"Paris, France",Fournisseur de produits alimentaires*Service de fitness et nutrition,86 %
Nature Algues,"4,5",26,"La Prenessaye, France",Service de fitness et nutrition,92 %
Dancing Yogini Yoga et Danse,"4,5",16,,Service de fitness et nutrition,100 %
VOTRE COACH PERSO,"4,5",14,"Paris, France",Centre de boxe*Service de fitness et nutrition,100 %
SanteMoinsChere.com,"4,4",8 426,"Paris, France",Pharmacie*Service de fitness et nutrition*Magasin de cosmetiques*Centre de bien-etre,70 %
International Sante,"4,9",905,"TOULOUSE, France",Agence d'assurance,91 %
Garantie Emprunteur de la Macif,"4,7",2 308,"Lyon cedex 03, France",Compagnie d'assurance proprietaire*Courtier d'assurances*Agence d'assurance,81 %
Etik Assurance,"4,7",1 882,"Dardilly, France",Agence d'assurance,75 %
Equitanet,"4,7",741,"Tarare, France",Agence d'assurance,82 %
lecomparateurassurance.com,"4,7",264,,Agence d'assurance,76 %
2A Assurances de l'Adour,"4,6",10 652,"Biarritz, France",Agence d'assurance,65 %
Switchassur,"4,6",362,"Lyon Cedex 03, France",Courtier d'assurances*Agence d'assurance,78 %
Assurly,"4,6",112,"Paris, France",Compagnie d'assurance*Courtier d'assurances*Agence d'assurance,88 %
HEYME,"4,5",2 731,,Compagnie d'assurance etudiant*Mutuelle de sante*Compagnie d'assurance voyage,75 %
Magnolia.fr,"4,5",1 346,"Mont Saint Aignan, France",Agence d'assurance*Courtier d'assurances,83 %
Santors,"4,4",1 896,"Carros le broc, France",Agence d'assurance,84 %
AcommeAssure.com,"4,4",1 770,"Le Relecq-Kerhuon, France",Agence d'assurance,53 %
SAMASSUR,"4,6",1 668,"MARSEILLE, France",Agence d'assurance,69 %
LesFurets.com,"4,6",501,"Paris, France",Agence d'assurance,70 %
CPA Assurances,"4,5",51,"Boulogne-Billancourt, France",Courtier d'assurances*Agence d'assurance,80 %
Assurneo,"4,4",12,"Creteil, France",Agence d'assurance*Courtier d'assurances,100 %
Santiane.fr,"4,3",1 274,"Nice, France",Agence d'assurance,71 %
Cabinet Camila | Courtier en Assurances & Conseils,"4,3",10,"Bois d'arcy, France",Agence d'assurance*Courtier d'assurances*Compagnie d'assurance aux entreprises,90 %
Hyperassur,"4,3",9,,Agence d'assurance,67 %
Altaprofits,"4,2",842,"Paris, France",Agence d'assurance*Courtier d'assurances*Compagnie d'assurance vie,62 %
Assurprox,"4,2",526,,Agence d'assurance,49 %
Maerten Medez Investissement Courtage,"4,2",6,"Chemy, France",Assurance de protection des revenus*Agence d'assurance*Compagnie d'assurance de personne-cle,100 %
cmonassurance,"4,1",25,"Lyon, France",Agence d'assurance,52 %
Credit Assurance,"4,0",112,,Agence d'assurance,75 %
www.assurancedudoubs.fr,"3,7",1,"MULHOUSE, France",Agence d'assurance,100 %
Groupeassurance,"3,7",1,,Agence d'assurance,100 %
Placedesfinances,"3,7",1,"Marseille, France",Agence d'assurance*Courtier d'assurances,100 %
Cryptolionnaire,"3,7",1,,Service de finances alternatives*Conseiller financier*Conseil en investissement,100 %
Reassurez-moi,"3,6",17,,Agence d'assurance,65 %
Leavita,"3,6",1,"lens, France",Agence d'assurance,0 %
Mon Auto assure,"3,5",14,,Agence d'assurance,93 %
Amecote,"3,5",3,"Toulouse, France",Agence d'assurance,33 %
Groupe A3A,"3,5",2,"Nimes, France",Agence d'assurance,0 %
Ethica Emprunteur,,,,Agence d'assurance,0 %
,,,,,
,,,,,
