id,Name_company,Note trust pilot,Nombre avis,Localisation company,Domaine d activite,nombre d'avis excellent
0,Immopret,4.9,5265,"Lille, France",Banque,82 %
1,Younited Credit,4.8,60845,"Paris, France",Agence de credit*Banque,81 %
2,CIB Formation,4.8,498,"SAINT ETIENNE, France",Banque,79 %
3,Cofidis,4.7,17699,"Villeneuve d'Ascq Cedex, France",Banque,86 %
4,Pixpay,4.7,3065,,Banque,85 %
5,Anytime,4.5,5820,,Banque,73 %
6,Shine,4.5,2013,"Paris, France",Banque*Banque du secteur prive*Institution financiere,78 %
7,Orange Bank,4.4,12670,"Montreuil, France",Banque*Banque du secteur prive,62 %
8,Helios.do,4.3,394,,Banque,70 %
9,Paykrom,4.2,71,"Puteaux, France",Institution financiere*Banque,74 %
10,Boursorama Banque,4.1,4634,"Boulogne-Billancourt, France",Service de transfert d'argent*Banque*Institution financiere*Banque du secteur prive,68 %
11,Monabanq,4.1,3811,"Villeneuve-d'Ascq, France",Banque,62 %
12,ONLYONE,4.4,23,"PARIS, France",Banque,83 %
13,Plusq1taux Landes Pays Basque,4.4,12,"Anglet, France",Service de conseil en credit*Courtier d'assurances*Banque,100 %
14,la Nef,4.3,67,"Vaulx en Velin, France",Banque*Banque d'epargne,75 %
15,MoneyNow,4.3,8,,Banque*Site de comparaison de prix,100 %
16,Floabank,4.2,6089,,Etablissement de credit*Banque,48 %
17,Ma French Bank,4.2,2347,,Banque,62 %
18,Blank,4.0,194,"Paris, France",Banque,66 %
19,Cosabnk,4.0,9,,Banque,78 %
20,Courtiers Prives,3.8,27,"LYON, France",Banque,74 %
21,floapay.com,3.8,5,,Banque,80 %
22,Changer Ma Banque,3.7,1,,Banque,100 %
23,Ovri Banking,3.6,306,"PARIS, France",Service de paiement*Institution financiere*Fournisseur de solution e-commerce,73 %
24,Carrefour Banque & Assurance,2.4,579,,Banque,25 %
25,LCL,2.2,1117,,Agence d'assurance*Banque,14 %
26,SolutionBancaire.fr,2.1,98,"Dundee, Ecosse, France",Banque,16 %
27,ZELF,2.1,58,"Riga, France",Banque*Agent Mobile Money*Service de transfert d'argent,21 %
28,Societe Generale & Vous,1.9,1429,,Agence d'assurance*Banque,12 %
29,FRANFINANCE,1.8,49,"Nanterre, France",Banque,6 %
30,Ma Banque BNP Paribas,1.7,1495,,Banque d'epargne*Banque*Banque du secteur prive,7 %
31,Hello bank! France,1.5,735,,Banque d'epargne*Banque,7 %
32,La Banque Postale,1.3,2961,,Banque,3 %
33,ING France,1.3,291,"Paris, France",Banque du secteur prive*Banque,7 %
34,Labanquepostale Sam,1.3,61,,Banque,26 %
35,TOP BANQUE,,,,Banque,0 %
36,Nature Minerale,4.9,910,"CHARMES, France",Bijouterie*Boutique de sante et beaute*Bijouterie fantaisie,89 %
37,Illustres Bidules,4.9,879,,Bijouterie fantaisie*Bijouterie,95 %
38,Verhoeven Joaillier,4.9,575,"Dunkerque, France",Horlogerie*Bijouterie,95 %
39,i-diamants.com,4.9,502,"Nice, France",Bijouterie,98 %
40,Eleonaure,4.9,452,,Bijouterie,94 %
41,Les plumes d'Amazone,4.9,325,,Bijouterie,99 %
42,OKAN STUDIO,4.9,151,"Paris, France",Bijouterie,100 %
43,EMMALEE Jewelry,4.9,130,"La Roche-sur-Foron, France",Bijouterie*Bijouterie fantaisie,93 %
44,Palais du Rosaire,4.8,4255,"Lourdes, France",Magasin de bougies*Bijouterie*Boutique de figurines*Boutique d'objets religieux,90 %
45,Chaination,4.8,1202,"villeneuve d ascq, France",Bijouterie,88 %
46,i-PERLEN DE,4.8,657,"courbevoie, France",Bijouterie,90 %
47,Boutique de Lily,4.8,467,"Fay aux Loges, France",Bijouterie,89 %
48,Petits Tresors,4.7,5883,"Lyon, France",Bijouterie,75 %
49,Zeina Alliances,4.7,1752,"Paris, France",Bijouterie,80 %
50,Bollywood Fashion Online,4.7,1649,"Roissy en Brie, France",Magasin de deguisements*Magasin d'articles de danse*Magasin de vetements pour enfants,76 %
51,Who We Are bijoux,4.7,1232,"Charenton Le Pont, France",Bijouterie,87 %
52,OH MY SHOP,4.7,1132,,Bijouterie,86 %
53,Diamonds Factory,4.7,707,"Paris, France",Bijouterie,83 %
54,58 Facettes,4.7,662,"Paris, France",Service de rachat de bijoux*Bijouterie*Expert en bijoux,87 %
55,La Maison de l'Alliance & du Diamant,4.7,443,"Paris, France",Bijouterie,83 %
56,bijouxoccasions.com / CBBO,4.7,382,"bordeaux, France",Bijouterie*Entreprise de negoce de l'or et de l'argent*Horlogerie,85 %
57,i-BEADS UK,4.7,361,"courbevoie, France",Bijouterie,85 %
58,Belle Miss e-shop,4.7,340,"paris, France",Bijouterie fantaisie*Expert en bijoux*Bijouterie,81 %
59,Bijoux-bijoux.fr,4.7,293,"Antibes, France",Bijouterie*Boutique d'accessoires de mode*Bijouterie fantaisie,83 %
60,Ursul Paris,4.6,471,"Paris, France",Bijouterie,85 %
61,Lesjoyauxdaure,4.6,398,,Bijouterie,78 %
62,Les Bijoux de Marilou,4.6,270,"PARIS, France",Bijouterie,80 %
63,Pomme Cannelle,4.6,184,,Bijouterie fantaisie*Bijouterie,88 %
64,Les tresors du Bresil mineraux-pierres en France,4.6,77,"manosque, France",Boutique d'articles Feng Shui*Fournisseur d'encens*Bijouterie*Fournisseur de pierres,84 %
65,fashionette,4.5,2421,"Dusseldorf, France",Magasin de chaussures*Magasin de sacs et de valises*Magasin de lunettes de soleil,81 %
66,KLJ Perles,4.5,102,"Paris, France",Bijouterie*Bijouterie fantaisie*Boutique de loisirs creatifs*Boutique de perles,85 %
67,Jollia.fr,4.4,13498,,Bijouterie,74 %
68,Trendhim,4.4,4796,,Boutique d'accessoires de mode*Magasin de lunettes de soleil*Horlogerie,74 %
69,Nilai Paris,4.4,563,"Paris, France",Bijouterie fantaisie*Fabricant de bijoux*Bijouterie,76 %
70,lily-jewelry.fr,4.4,126,"Paris, France",Bijouterie,66 %
71,Zahros,4.4,111,"Lagrave, France",Bijouterie,69 %
72,Peeweepaw,4.9,1244,"Montesson, France",Animalerie,94 %
73,Le meilleur pour mon lapin,4.9,169,"Quint-fonsegrives, France",Animalerie,96 %
74,Anizoo,4.8,661,,Animalerie,94 %
75,Animauxvillas,4.8,602,"Waalwijk, France",Magasin d'articles pour animaux*Animalerie,90 %
76,Danse avec ton chien,4.8,245,"Labastide d'Armagnac, France",Animalerie*Magasin d'articles pour animaux*Dresseur de chiens*Attraction touristique,94 %
77,"Fenril.fr, Chiens actifs & Outdoor",4.7,15110,"MEAUDRE, France",Magasin d'accessoires de velo*Magasin de sports d'hiver*Animalerie,84 %
78,Oiseaux Mania,4.7,6275,"CHASSIEU, France",Jardinerie*Animalerie,81 %
79,Petdesign.fr - my grooming shop,4.7,534,"Foulayronnes, France",Animalerie,86 %
80,Medailleschien,4.7,524,"Montelimar, France",Animalerie,81 %
81,Shine'S,4.7,50,"Champagne st Hilaire, France",Animalerie,98 %
82,Petmeds.fr,4.6,8489,"London, France",Animalerie,67 %
83,lebonaqua.fr,4.6,73,"Chateaubourg, France",Animalerie*Aquarium*Magasin d'aquariophilie*Magasin d'articles pour animaux,85 %
84,Croquetteland,4.3,15865,"Lyon, France",Animalerie,71 %
85,Medpets,4.3,5609,"Oud Gastel, France",Animalerie,71 %
86,Equirodi.com,4.3,970,"Dole, France",Animalerie,53 %
87,Alpha Spirit,4.3,51,"Brillon, France",Animalerie*Magasin d'alimentation animale,72 %
88,Brekz.fr,4.0,29829,"Utrecht, France",Animalerie,69 %
89,Aquaplante,4.0,1659,"SARTROUVILLE, France",Magasin d'aquariophilie*Animalerie,61 %
90,LA COMPAGNIE DES ANIMAUX,4.0,1492,,Animalerie,64 %
91,Jaiplusdecroquettes.com,3.6,1743,"CHAMPAGNE AU MONT D'OR, France",Animalerie,78 %
92,Puppy Safe,4.6,487,,Animalerie,83 %
93,Ouaf Ouaf,4.6,50,"Linlithgow, France",Animalerie,84 %
94,Omlet France,4.6,29,"Banbury, France",Animalerie,86 %
95,Wanimo,4.5,33465,"Dardilly, France",Animalerie,73 %
96,Fourmiculture,4.4,38,"Leoncel, France",Animalerie,84 %
97,Halfie,4.4,13,"Houilles, France",Animalerie*Magasin de vitamines et complements alimentaires*Magasin d'alimentation animale,100 %
98,La boutique bancale,4.4,12,"vonnas, France",Animalerie,100 %
99,Canineo,4.3,228,"Brech, France",Animalerie,76 %
100,Avetservices,4.3,11,"BONNES, France",Animalerie*Garde d'animaux de compagnie,100 %
101,MEXU,4.3,7,,Animalerie,100 %
102,Animilo,4.2,16,"Ydes, France",Animalerie,75 %
103,Animou,4.2,12,"Boutique en ligne, France",Animalerie,58 %
104,Zooplus,4.1,16725,,Animalerie,62 %
105,Dog-Sports.com,4.1,2770,"CHAUVIGNY, France",Magasin d'articles de loisirs*Animalerie,80 %
106,Toutoubox,4.1,13,"Colombes, France",Magasin d'alimentation animale*Animalerie,46 %
107,Zcommezoo,4.0,389,,Animalerie,63 %
108,Maison de MaMoulia,4.9,1831,,Magasin de vetements pour femmes*Magasin de vetements pour enfants,92 %
109,Clickandrock,4.9,192,"Paris, France",Magasin de chaussures*Magasin de vetements,98 %
110,Paradigme,4.9,116,"Paris, France",Magasin de vetements,97 %
111,Otrium,4.8,4034,,Centre de magasins d'usine*Magasin de vetements pour femmes*Maison de haute couture,85 %
112,Cote Bo M,4.8,1275,,Magasin de vetements,91 %
113,WeDressFair,4.8,806,"Lyon, France",Boutique d'articles de mode*Magasin de vetements pour femmes*Magasin de vetements pour hommes,87 %
114,Boutique Route du Sud,4.8,548,"Pau, France",Magasin de vetements,91 %
115,bottinsarl.com,4.8,231,"Sainte-Croix-aux-Mines, France",Magasin de vetements*Magasin de vetements pour femmes,90 %
116,Cars and me,4.8,149,"EYBENS, France",Magasin de vetements,85 %
117,Kamshoes,4.8,121,"Neuilly-sur-Seine , France",Magasin de vetements*Magasin de chaussures*Magasin de produits de beaute,97 %
118,Kapitales,4.8,88,"Albi, France",Magasin de vetements,95 %
119,WECYRCLED,4.8,77,"Nice, France",Art & antiquites*Magasin de vetements,91 %
120,Mountaingirl,4.6,49,"Val d'Isere, France",Boutique d'articles de mode*Magasin de vetements pour femmes*Magasin de vetements,94 %
121,CQFD Avignon,4.6,46,"Avignon, France",Decorateur d'interieur*Magasin de vetements*Magasin d'ameublement et de decoration,90 %
122,Solinaboutique,4.6,31,"Bordeaux, France",Magasin de vetements,94 %
123,Chaloope,4.6,28,"Gif-sur-Yvette, France",Magasin de vetements,93 %
124,Wethenew,4.5,16829,,Magasin de vetements*Magasin de chaussures,80 %
125,Smoon lingerie,4.5,1912,"Paris, France",Magasin de sous-vetements*Boutique de lingerie*Boutique d'articles de toilette,75 %
126,Grungemama,4.5,1321,"Toulouse, France",Boutique d'accessoires de mode*Magasin de vetements*Magasin de vetements pour femmes,76 %
127,Le Petit Cordon,4.5,500,,Magasin de vetements*Magasin de lunettes de soleil,82 %
128,Ambition Store | Streetwear,4.5,470,"Paris, France",Magasin de streetwear*Magasin de vetements,78 %
129,Lamaktaba,4.5,209,"CREIL, France",Boutique de robes*Magasin de vetements*Boutique d'accessoires de mode,77 %
130,Cotele Paris,4.5,133,"Paris, France",Boutique d'articles de mode*Magasin de vetements,80 %
131,Hanasan,4.5,109,,Magasin de vetements*Magasin de vetements pour femmes,88 %
132,Emiliano Dolly,4.4,25,,Maison de haute couture*Magasin de streetwear*Magasin de vetements de sport (activewear),96 %
133,24S,4.3,4237,"PARIS, France",Marche en ligne*Magasin de vetements*Magasin de cosmetiques,78 %
134,Salty Crew Europe,4.3,388,"Seignosse, France",Magasin de surf*Magasin de peche*Magasin de vetements,77 %
135,Maison Cadolle,4.3,144,"Paris, France",Magasin de sous-vetements*Magasin de vetements,81 %
136,Mamie Bourgeoise,4.3,127,,Magasin de vetements*Marche en ligne*Magasin de vetements pour femmes,69 %
137,Fskorp,4.3,30,"Tassin la demi lune, France",Magasin de vetements*Boutique d'accessoires de mode,93 %
138,Bishibi.com,4.2,89,"Aubervilliers, France",Magasin de vetements*Boutique de robes*Magasin de maillots de bain,64 %
139,Monchanvre.fr : la marketplace du chanvre francais,4.2,32,,Boutique de sante et beaute*Magasin d'alimentation naturelle*Magasin de vetements,78 %
140,Oneill.com/fr,4.1,1668,"Warmond, France",Magasin de vetements de sport (activewear)*Magasin de vetements,70 %
141,FROM FUTURE,4.1,959,"Boulogne-Billancourt, France",Magasin de vetements,64 %
142,EDS Store,4.1,36,"VERTOU, France",Magasin de vetements,75 %
143,Ccvmode,4.0,3577,"Capavenir Vosges, France",Magasin de vetements pour femmes*Magasin de vetements*Magasin de vetements pour hommes,66 %
144,Renault Dacia BodemerAuto Saint-Brieuc,4.8,782,"SAINT BRIEUC, France",Concessionnaire automobile,76 %
145,Renault Dacia BodemerAuto Concarneau,4.8,552,"CONCARNEAU, France",Concessionnaire automobile,79 %
146,AutoLisa,4.8,237,"Valenton, France",Vendeur de voitures d'occasion*Concessionnaire automobile,88 %
147,Renault Dacia BodemerAuto Vannes,4.7,789,"VANNES, France",Concessionnaire automobile,76 %
148,SAS M-AutoPerf.com,4.7,38,"Saint-Renan, France",Concessionnaire automobile,95 %
149,CarNext.com France,4.6,1670,"Maurepas, France",Concessionnaire automobile*Vendeur de voitures d'occasion,75 %
150,AutoJM,4.6,1377,"audincourt, France",Vendeur de voitures d'occasion*Concessionnaire de vehicules a moteur*,69 %
151,Cazoo France,4.6,254,"Paris, France",Concessionnaire automobile,84 %
152,Beev,4.6,77,,Agence de location de voitures*Concessionnaire automobile*Borne de recharge pour vehicules electriques,89 %
153,Autohero France,4.5,2588,"Issy-les-Moulineaux, France",Vendeur de voitures d'occasion*Concessionnaire de vehicules a moteur*,75 %
154,Aramisauto,4.3,3324,"ARCUEIL, France",Vendeur de voitures d'occasion*Concessionnaire automobile,60 %
155,Qarson,3.9,210,"Isles-les-Villenoy, France",Vendeur de voitures d'occasion*Concessionnaire automobile,48 %
156,Nissan BodemerAuto Saint-Brieuc,4.8,96,"SAINT-BRIEUC, France",Concessionnaire automobile,88 %
157,Carrivy.com,4.8,66,"nice, France",Concessionnaire automobile,95 %
158,Stiilt,4.8,55,"Nice, France",Agence de location de voitures*Service de leasing automobile*Concessionnaire Audi,100 %
159,Degrifcars,4.7,1323,"Mordelles, France",Marche automobile*Concessionnaire automobile*Vendeur de voitures d'occasion,75 %
160,Renault Dacia BodemerAuto Cherbourg,4.7,574,"TOURLAVILLE, France",Concessionnaire automobile,72 %
161,Renault Dacia BodemerAuto Saint-Lo,4.7,520,"SAINT LO, France",Concessionnaire automobile,75 %
162,Renault Dacia BodemerAuto Chateaulin,4.7,338,"CHATEAULIN, France",Concessionnaire automobile,76 %
163,Renault Dacia BodemerAuto Auray,4.6,530,"AURAY CEDEX, France",Concessionnaire automobile*Magasin de pieces detachees automobiles*,73 %
164,Renault Dacia BodemerAuto Coutances,4.6,381,"COUTANCES, France",Concessionnaire automobile,79 %
165,Renault Dacia BodemerAuto Paimpol,4.6,271,"PAIMPOL, France",Magasin de pieces detachees automobiles*Magasin d'accessoires automobiles,79 %
166,Car & Cash,4.6,226,,Concessionnaire automobile,63 %
167,ClickEtRoule.com,4.6,68,"AILLY SUR NOYE, France",Concessionnaire automobile,78 %
168,Renault Dacia BodemerAuto Pontivy,4.5,297,"PONTIVY, France",Concessionnaire automobile,73 %
169,Renault Dacia BodemerAuto Vire,4.5,263,"VIRE, France",Concessionnaire automobile,71 %
170,Nissan BodemerAuto Lorient,4.5,20,"Caudan , France",Concessionnaire automobile,75 %
171,Mazdan Automobiles,4.5,13,"Vidauban, France",Vendeur de voitures d'occasion*Concessionnaire automobile,100 %
172,RENAULT VALOGNES,4.4,10,"VALOGNES, France",Concessionnaire automobile,70 %
173,Renault Dacia BodemerAuto Ploermel,4.3,368,"PLOERMEL CEDEX, France",Magasin d'accessoires automobiles*Prestataire de transport automobile prive,76 %
174,auto-ici,4.1,6,"vendeville, France",Concessionnaire automobile,66 %
175,CA Motorworks,4.1,5,"Richardmenil, France",Magasin de pieces et d'accessoires pour motos*Garage automobile*Concessionnaire automobile,100 %
176,Demarches Carte Grise,4.0,2280,"Boulogne Billancourt, France",Concessionnaire automobile,66 %
177,Autosphere,3.9,227,"Chasseneuil Du Poitou, France",Concessionnaire automobile,56 %
178,Jean Lain Mobilites,3.9,53,"La Motte Servolex, France",Concessionnaire automobile,62 %
179,CARIZY,3.7,1198,"Paris, France",Concessionnaire automobile,57 %
180,,,,,,
181,,,,,,
182,,,,,,
183,,,,,,
184,,,,,,
185,,,,,,
186,,,,,,
187,,,,,,
188,,,,,,
189,,,,,,
190,,,,,,
191,,,,,,
192,,,,,,
193,,,,,,
194,,,,,,
195,,,,,,
196,,,,,,
197,,,,,,
198,,,,,,
199,,,,,,
200,,,,,,
201,,,,,,
202,,,,,,
203,,,,,,
204,,,,,,
205,,,,,,
206,,,,,,
207,,,,,,
208,,,,,,
209,,,,,,
210,,,,,,
211,,,,,,
212,,,,,,
213,,,,,,
214,,,,,,
215,,,,,,
216,Hosman,4.9,3537,"PARIS, France",Agence immobiliere*Agents immobiliers,92 %
217,Liberkeys,4.9,2954,"Paris, France",Agence immobiliere*Agents immobiliers,94 %
218,Homki,4.9,1836,"Marseille, France",Agents immobiliers*Agence immobiliere,92 %
219,imkiz,4.9,352,,Agence immobiliere*Agents immobiliers,94 %
220,MeilleursBiens.com,4.8,536,"Courbevoie, France",Agence immobiliere*Societe immobiliere*Agents immobiliers,90 %
221,Imop,4.8,484,"Paris, France",Agence immobiliere*Agents immobiliers,89 %
222,Folhomee,4.8,112,,Agents immobiliers,93 %
223,Recherche Appartement ou Maison,4.8,73,"Lyon, France",Agence immobiliere*Gestion des biens*Investissements immobiliers*Agents immobiliers,92 %
224,Sextant France & International,4.7,1087,"Neuilly sur Seine, France",Consultant immobilier*Agence immobiliere*Agents immobiliers,85 %
225,Book A Flat,4.6,1691,"Paris, France",Agents immobiliers,75 %
226,Skaal Real Estate Agencies,4.9,77,"Lyon, France",Evaluateur immobilier*Agents immobiliers*Agence immobiliere,97 %
227,OPRIXFIXE,4.8,81,"Paris, France",Agents immobiliers*Agence immobiliere*Societe immobiliere,93 %
228,Aramon immobilier,4.6,19,"Aramon, France",Agents immobiliers,100 %
229,izihome,4.5,22,"Marseille, France",Agents immobiliers,95 %
230,Revenupatrimoine,4.5,16,"Montpellier, France",Agents immobiliers,100 %
231,ID-Pro | Vidauban Immobilier,4.5,15,"Vidauban, France",Agence de location immobiliere*Agents immobiliers,100 %
232,September,4.5,15,"paris, France",Agents immobiliers,100 %
233,Shaka,4.5,14,"Biarritz, France",Solutions et equipement energetiques*Investissements immobiliers*Expert immobilier,100 %
234,Libimmo,4.5,13,"Longueil Annel, France",Agents immobiliers,100 %
235,Les Nouvelles Agences,4.4,41,,Agents immobiliers*Agence immobiliere,91 %
236,Trackstone,4.4,18,"Paris, France",Agents immobiliers*Investissements immobiliers,89 %
237,Marton,4.3,99,"Paris, France",Agents immobiliers,72 %
238,Dwellingimmobilier,4.3,9,"LA ROCHELLE, France",Agents immobiliers,100 %
239,Lisy,4.3,8,"Paris, France",Agence immobiliere d'entreprise*Expert immobilier*Agents immobiliers,100 %
240,le bon diag 06,4.0,3,"Antibes, France",Constructeur immobilier*Service de detection d'amiante*Societe de travaux publics,100 %
241,Application etats des lieux,3.9,56,,Agents immobiliers,66 %
242,Lodgis,3.8,601,"Paris, France",Agence immobiliere*Agents immobiliers,81 %
243,L'Espace Immobilier - Arthurimmo.com Expert Agree,3.8,10,"Haguenau, France",Expert immobilier*Evaluateur immobilier*Agence immobiliere*Agence de location immobiliere,60 %
244,ma-propriete.fr,3.8,4,"MOREAC, France",Plateforme de collaboration en ligne*Agents immobiliers*Editeur de journaux - Petites annonces,50 %
245,A1 Real Estate | Vente & Location,3.8,2,"Paris, France, France",Agents immobiliers,100 %
246,Inxolitimmo,3.8,2,,Conseil*Agents immobiliers*Agence immobiliere,100 %
247,Olivier Estrade megAgence,3.8,2,"Jouars-Pontchartrain, France",Administration immobiliere*Agents immobiliers*Agence immobiliere,100 %
248,Etiq Commericalisation,3.8,2,"Marseille, France",Promoteur immobilier*Agents immobiliers,100 %
249,Agence immobiliere - Art de Vie,3.8,2,"Margency, France",Agence immobiliere*Agents immobiliers,100 %
250,Agence immobiliere Ardeche Pro Immobilier,3.7,7,"Aubenas, France",Agents immobiliers*Societe de gestion immobiliere*Agence immobiliere,71 %
251,KOESIA,3.7,1,"Montpellier, France",Agents immobiliers*Agence immobiliere,100 %
252,ACCES-DESIGN.COM,4.9,1707,,Magasin de meubles de salon*Magasin de materiel de cuisine*Magasin de meubles de chambre a coucher,81 %
253,Chezpluie,4.9,316,,Magasin de meubles,98 %
254,Roche Bobois,4.8,1021,"PARIS, France",Magasin de meubles,83 %
255,Moodntone,4.8,587,"Merlimont, France",Magasin de design et de decor interieur*Magasin de meubles*Magasin de mobilier en rotin,89 %
256,FRANCE CANAPE(r),4.7,1844,"Paris, Versailles et Lyon, France",Magasin de canapes*Magasin de meubles*Magasin de meubles de chambre a coucher,84 %
257,Carre-maison.com,4.7,199,"Chambery, France",Magasin de meubles,80 %
258,Seat-in,4.7,150,"Orvault, France",Magasin de meubles*Decorateur d'interieur,88 %
259,Stefano Design,4.6,475,,Artisan createur de meubles*Magasin d'ameublement et de decoration*Fabricant de meubles,74 %
260,Kukuu,4.6,37,,Magasin d'ameublement et de decoration*Magasin de meubles*Vendeur de meubles en gros,87 %
261,Hypnia,4.5,8705,"Toulouse, France",Magasin de matelas*Magasin de meubles*Magasin de literie,76 %
262,The Cool Republic,4.5,5642,"Paris, France",Magasin de design et de decor interieur*Magasin de meubles*Decorateur d'interieur,80 %
263,Alterego Design France,4.5,3842,"Coignieres, France",Magasin de meubles,68 %
264,Mobilier de France,4.3,1144,"Creteil, France",Magasin de canapes*Magasin de meubles*Magasin de meubles de salon,68 %
265,Monde Du Tabouret,4.2,7548,,Magasin de design et de decor interieur*Magasin de meubles de cuisine*,69 %
266,Made-in-meubles,4.2,3238,"PONT-A-MARCQ, France",Magasin de meubles,63 %
267,ReCollection,4.2,772,"Saint Mars du desert, France",Magasin de lits*Magasin de meubles*Magasin de design et de decor interieur,64 %
268,Espry Medical,4.2,559,"FONTENAY TRESIGNY, France",Magasin de materiel medical*Magasin de meubles,61 %
269,Miliboo,4.1,25610,,Magasin de meubles,60 %
270,Chateau d'Ax France,4.1,1382,,Magasin de meubles de salon*Magasin de meubles*Magasin de canapes,63 %
271,RueDeLaDeco.com,3.9,562,,Decorateur d'interieur*Magasin d'ameublement et de decoration*Magasin pour enfants,76 %
272,premiumXL France,3.9,412,"Osnabruck, France",Magasin de meubles,61 %
273,Cemonjardin,3.8,1621,,Magasin de meubles*Jardinerie,46 %
274,Stooly,3.8,108,,Magasin de meubles*Boutique de cadeaux,57 %
275,Usinestreet,3.7,2690,,Magasin d'ameublement et de decoration*Magasin de meubles,45 %
276,Mondesign,4.7,112,"Coubevoie, France",Decorateur d'interieur*Magasin de luminaires*Magasin de meubles,85 %
277,Hamaxicain,4.7,49,"Saint Hilaire d'Ozilhan, France",Magasin de meubles,94 %
278,Maisonetstyles,4.6,2834,,Magasin de meubles,74 %
279,Daner,4.6,35,"Marguerittes, France",Magasin de meubles*Magasin de literie*Conseiller sante*Ergotherapeute,83 %
280,Le Reve Chez Vous,4.5,1974,"Cholet, France",Magasin de meubles*Jardinerie,48 %
281,Dexhom,4.5,212,,Magasin de meubles,93 %
282,KaYu Meuble,4.5,48,"La Gaude, France",Magasin de meubles,65 %
283,Maison La Carriere,4.5,16,"Region Grand Est, France",Magasin de meubles*Artisan createur de meubles*Fabricant de meubles*Magasin de meubles de salon,100 %
284,Made.com,4.4,49355,"London, France",Magasin de meubles,61 %
285,Matelpro.com,4.4,844,"Givet, France",Magasin de literie*Magasin d'equipement et de meubles pour bars et restaurants,62 %
286,Zeeloft,4.4,422,"Paris, France",Magasin de meubles,86 %
287,Chaisier.fr,4.4,28,"Andrezieux-Boutheon, France",Magasin de meubles,78 %
288,Chin Mudra,4.7,15595,"Vaux le Penil, France",Magasin de vetements de sport (activewear)*Service de fitness et nutrition,82 %
289,Anastore.com,4.7,12257,"Boulogne-Billancourt, France",Service de fitness et nutrition,76 %
290,Novoma,4.7,3570,"Toulouse, France",Service de fitness et nutrition*Magasin de vitamines et complements alimentaires,82 %
291,Cheef,4.7,1889,"Roncq, France",Service de fitness et nutrition*Programme de bien-etre*Livraison de repas a domicile,73 %
292,Kevlaardiet,4.6,264,"Orgeval, France",Nutritionniste*Service de fitness et nutrition*Classe de fitness,80 %
293,Fr Solbia,4.5,3217,,Service de fitness et nutrition,79 %
294,AW TRAINER,4.5,74,"Villefranche-sur-Saone, France",Magasin de vetements de sport*Service de fitness et nutrition*Magasins d'appareils de fitness,90 %
295,Nutrimuscle,4.4,21239,,Fabricant de produits alimentaires*Service de fitness et nutrition,80 %
296,fizzup.com,4.4,393,"Colmar, France",Service de fitness et nutrition,66 %
297,Boutique HL en Ligne,4.4,94,,Boutique de produits de nutrition sportive*Service de fitness et nutrition,77 %
298,WeightWorld.fr,4.2,3917,"Saint Martin Bellevue, France",Centre de bien-etre*Service de fitness et nutrition*Clinique dermatologique,59 %
299,Sync,4.2,502,"Challes-les-Eaux, France",Service de fitness et nutrition,75 %
300,Best Of Fit Pack,4.8,364,"Nimes, France",Service de fitness et nutrition,90 %
301,"JUST COACHING, leader du coaching sportif",4.8,313,"Paris, France",Programme d'entrainement physique*Programme de bien-etre*Centre de coaching,94 %
302,Dihe,4.8,231,"MONTFERRIER SUR LEZ, France",Service de fitness et nutrition,89 %
303,Nutridiscount,4.8,194,,Service de fitness et nutrition,68 %
304,MondialK.com,4.8,147,,Service de fitness et nutrition,95 %
305,Reveille ton potentiel par Morgan Charriere,4.8,115,"Mantes-la-jolie, France",Service de fitness et nutrition,86 %
306,maju-nutrition,4.8,87,,Service de fitness et nutrition*Programme de bien-etre*Nutritionniste,96 %
307,Sautiller.com,4.8,56,"Vallon Pont d'Arc, France",Magasin de jouets*Service de fitness et nutrition,87 %
308,tatwa.eu,4.8,44,"Lausanne, France",Service de fitness et nutrition*Boutique de sante et beaute,95 %
309,Optigura,4.7,6981,"Monaco, France",Service de fitness et nutrition,84 %
310,Fratemateclub,4.7,447,,Service de fitness et nutrition,82 %
311,Meditechfr,4.7,250,"paris, France",Service de fitness et nutrition*Laboratoire pharmaceutique*Magasin de vitamines et complements alimentaires,94 %
312,HL Boutique,4.6,174,,Service de fitness et nutrition*Centre d'amincissement*Magasin de vitamines et complements alimentaires,83 %
313,Gymkee,4.6,57,"Paris, France",Entraineur personnel pour femmes*Service de fitness et nutrition*Coach particulier,86 %
314,Bemum,4.6,31,"Rueil-Malmaison, France",Service de fitness et nutrition*Boutique de sante et beaute,84 %
315,PROTEINE.FR,4.6,21,"grenoble, France",Service de fitness et nutrition,100 %
316,Finishers,4.6,19,,Service e-commerce*Service de fitness et nutrition,100 %
317,Sportfood Center,4.5,703,"Monaco, France",Service de fitness et nutrition,73 %
318,Matahi,4.5,77,"Montpellier, France",Service de fitness et nutrition,74 %
319,Moringa&Co,4.5,36,"Paris, France",Fournisseur de produits alimentaires*Service de fitness et nutrition,86 %
320,Nature Algues,4.5,26,"La Prenessaye, France",Service de fitness et nutrition,92 %
321,Dancing Yogini Yoga et Danse,4.5,16,,Service de fitness et nutrition,100 %
322,VOTRE COACH PERSO,4.5,14,"Paris, France",Centre de boxe*Service de fitness et nutrition,100 %
323,SanteMoinsChere.com,4.4,8426,"Paris, France",Pharmacie*Service de fitness et nutrition*Magasin de cosmetiques*Centre de bien-etre,70 %
324,International Sante,4.9,905,"TOULOUSE, France",Agence d'assurance,91 %
325,Garantie Emprunteur de la Macif,4.7,2308,"Lyon cedex 03, France",Compagnie d'assurance proprietaire*Courtier d'assurances*Agence d'assurance,81 %
326,Etik Assurance,4.7,1882,"Dardilly, France",Agence d'assurance,75 %
327,Equitanet,4.7,741,"Tarare, France",Agence d'assurance,82 %
328,lecomparateurassurance.com,4.7,264,,Agence d'assurance,76 %
329,2A Assurances de l'Adour,4.6,10652,"Biarritz, France",Agence d'assurance,65 %
330,Switchassur,4.6,362,"Lyon Cedex 03, France",Courtier d'assurances*Agence d'assurance,78 %
331,Assurly,4.6,112,"Paris, France",Compagnie d'assurance*Courtier d'assurances*Agence d'assurance,88 %
332,HEYME,4.5,2731,,Compagnie d'assurance etudiant*Mutuelle de sante*Compagnie d'assurance voyage,75 %
333,Magnolia.fr,4.5,1346,"Mont Saint Aignan, France",Agence d'assurance*Courtier d'assurances,83 %
334,Santors,4.4,1896,"Carros le broc, France",Agence d'assurance,84 %
335,AcommeAssure.com,4.4,1770,"Le Relecq-Kerhuon, France",Agence d'assurance,53 %
336,SAMASSUR,4.6,1668,"MARSEILLE, France",Agence d'assurance,69 %
337,LesFurets.com,4.6,501,"Paris, France",Agence d'assurance,70 %
338,CPA Assurances,4.5,51,"Boulogne-Billancourt, France",Courtier d'assurances*Agence d'assurance,80 %
339,Assurneo,4.4,12,"Creteil, France",Agence d'assurance*Courtier d'assurances,100 %
340,Santiane.fr,4.3,1274,"Nice, France",Agence d'assurance,71 %
341,Cabinet Camila | Courtier en Assurances & Conseils,4.3,10,"Bois d'arcy, France",Agence d'assurance*Courtier d'assurances*Compagnie d'assurance aux entreprises,90 %
342,Hyperassur,4.3,9,,Agence d'assurance,67 %
343,Altaprofits,4.2,842,"Paris, France",Agence d'assurance*Courtier d'assurances*Compagnie d'assurance vie,62 %
344,Assurprox,4.2,526,,Agence d'assurance,49 %
345,Maerten Medez Investissement Courtage,4.2,6,"Chemy, France",Assurance de protection des revenus*Agence d'assurance*Compagnie d'assurance de personne-cle,100 %
346,cmonassurance,4.1,25,"Lyon, France",Agence d'assurance,52 %
347,Credit Assurance,4.0,112,,Agence d'assurance,75 %
348,www.assurancedudoubs.fr,3.7,1,"MULHOUSE, France",Agence d'assurance,100 %
349,Groupeassurance,3.7,1,,Agence d'assurance,100 %
350,Placedesfinances,3.7,1,"Marseille, France",Agence d'assurance*Courtier d'assurances,100 %
351,Cryptolionnaire,3.7,1,,Service de finances alternatives*Conseiller financier*Conseil en investissement,100 %
352,Reassurez-moi,3.6,17,,Agence d'assurance,65 %
353,Leavita,3.6,1,"lens, France",Agence d'assurance,0 %
354,Mon Auto assure,3.5,14,,Agence d'assurance,93 %
355,Amecote,3.5,3,"Toulouse, France",Agence d'assurance,33 %
356,Groupe A3A,3.5,2,"Nimes, France",Agence d'assurance,0 %
357,Ethica Emprunteur,,,,Agence d'assurance,0 %
358,,,,,,
359,,,,,,
